"bigram","count"
"bitcoin mining",43
"2020 funded",42
"environmental subsidies",42
"spent 1",42
"kindly send",39
" ",37
"daily basis",36
"basis kindly",35
"direct message",35
"earn 500",35
"bitcoin btc",20
"bitcoin price",17
"bitcoin ethereum",14
"bitcoin miners",14
"crypto bitcoin",14
"bitcoin cryptocurrency",13
"cryptocurrency bitcoin",13
"airdrop bitcoin",12
"elon musk",11
"ethereum crypto",11
"binance futures",10
"bitcoin crypto",9
"buy bitcoin",9
"crypto cryptocurrency",9
"bitcoin blockchain",8
"blockchain crypto",8
"community bitcoin",8
"doge dogearmy",8
"eth crypto",8
"bitcoin eth",7
"bitcoin investment",7
"buykalacoin doge",7
"central bank",7
"coolnerd techno",7
"crypto blockchain",7
"crypto shibu",7
"cryptocurrency buykalacoin",7
"dogearmy eth",7
"free bitcoin",7
"price analysis",7
"reviews community",7
"safemoon enjin",7
"shibu safemoon",7
"techno reviews",7
"analysis btc",6
"bitcoin bnb",6
"bitcoin forex",6
"blacklist bitcoin",6
"bsc bnb",6
"btc bitcoin",6
"btc facing",6
"credit card",6
"decision time",6
"facing huge",6
"huge resistance",6
"resistance zone",6
"socially blacklist",6
"strong team",6
"zone decision",6
"accept bitcoin",5
"amazing project",5
"bitcoin 2021",5
"bitcoin energy",5
"bitcoin maxis",5
"bitcoin network",5
"bsc binancesmartchain",5
"bsc ieo",5
"btc eth",5
"charity safunetwork",5
"defi charity",5
"digital currency",5
"earn bitcoin",5
"garlinghouse laughs",5
"ieo blockchain",5
"kapzzt kapzztoken",5
"kapzztoken ethereum",5
"live bitcoin",5
"longed 2",5
"mining bitcoin",5
"nft nfts",5
"safunetwork bsc",5
" join",4
"amp bitcoin",4
"asset class",4
"atomichub nft",4
"betfurysuccess bitcoin",4
"binance bitcoin",4
"bitcoin binance",4
"bitcoin kapzzt",4
"bitcoin market",4
"bitcoin maxi",4
"bitcoin staking",4
"blockchain bitcoin",4
"blockchain nftgaming",4
"bsc binance",4
"bull market",4
"coal dwef",4
"coal wdef",4
"crypto doge",4
"crypto market",4
"cryptocurrency crypto",4
"cryptocurrency market",4
"cryptocurrency mining",4
"defi dex",4
"discord 10",4
"energy fud",4
"ethereum bitcoin",4
"exchange bitcoin",4
"finance news",4
"freenft freenfts",4
"freenfts giveaway",4
"giveaway giveaways",4
"giveaways playtoearn",4
"kusama based",4
"map planned",4
"mongolia region",4
"nftgiveaway nftgiveaways",4
"nftgiveaways freenft",4
"nfts nftgiveaway",4
"planet ",4
"playtoearn bitcoin",4
"polkadot defi",4
"prizes rplanet",4
"road map",4
"rplanet waxp",4
"short term",4
"technology bitcoin",4
"transparent road",4
"waxp atomichub",4
"100 polkadot",3
"2021 bitcoin",3
"5k weekly",3
"affiliatemarketing bitcoin",3
"airdrop bounty",3
"airdrop bsc",3
"airdropalert airdrop",3
"airdropdetective bitcoin",3
"airdrops airdropalert",3
"altcoin defi",3
"ark investment",3
"attack bitcoin",3
"auto trade",3
"bear market",3
"binancesmartchain bnb",3
"binancesmartchain ethereum",3
"bitcoin altcoin",3
"bitcoin bestcryptocurrency",3
"bitcoin bitcoin",3
"bitcoin bsv",3
"bitcoin community",3
"bitcoin doge",3
"bitcoin knot",3
"bitcoin pizza",3
"bitcoin underpinnings",3
"bitcoin usdt",3
"blockchain cryptocurrency",3
"blockchain cryptonews",3
"bloomberg's mike",3
"bnb binance",3
"bounty bsc",3
"bsc bitcoin",3
"card fast",3
"cards shares",3
"central banks",3
"claims 100",3
"coal fedw",3
"coinmarketcap crypto",3
"collateralization ratio",3
"crypto crypto",3
"crypto cryptotrading",3
"crypto exchange",3
"crypto sikaruinu",3
"cryptocurrency blockchain",3
"cryptocurrency technology",3
"cryptotrading cryptocurrency",3
"deal gift",3
"decision bitcoin",3
"deerswap deer",3
"defi blockchain",3
"dex bitcoin",3
"earn money",3
"energy mix",3
"eth ethereum",3
"eth xrp",3
"facebook instagram",3
"fast crypto",3
"fiat money",3
"forex trading",3
"free cash",3
"free money",3
"gaming platform",3
"gift gifts",3
"gifts giftideas",3
"green energy",3
"home 5k",3
"ico ico",3
"ico ito",3
"ido sto",3
"ieo airdrops",3
"instagram tiktok",3
"institutional money",3
"investor bitcoin",3
"ito sho",3
"laser eyes",3
"lbp ieo",3
"linkedin twitter",3
"love bitcoin",3
"lower minimum",3
"lucky people",3
"mcglone claims",3
"mike mcglone",3
"minimum collateralization",3
"mining council",3
"mocktailswap mok",3
"mok blockchain",3
"monetary policy",3
"nice project",3
"pay taxes",3
"project manager",3
"real life",3
"shares strong",3
"sho lbp",3
"shop shopping",3
"shopping affiliatemarketing",3
"sikaruinu sika",3
"socialmedia pinterest",3
"sokuswap defi",3
"speculators criminals",3
"start earning",3
"sto ico",3
"strong bitcoin",3
"suggests btc",3
"tiktok socialmedia",3
"trade platform",3
"trading blockchain",3
"trading bots",3
"trading forex",3
"tron bitcoin",3
"twitter facebook",3
"understand bitcoin",3
"usdt trading",3
"wild ride",3
"wild swings",3
"zignaly crypto",3
"1 bitcoin",2
"1 leverage",2
"10 lucky",2
"100xcoin crypto",2
"11 china",2
"12 uk",2
"14 germany",2
"17 iceland",2
"1btc 54",2
"200 ma",2
"24 hour",2
"35 36k",2
"39 73",2
"40k bitcoin",2
"5 india",2
"50 bitcoin",2
"6 trillion",2
"79 bitcoin",2
"8 australia",2
"8 france",2
"accepting bitcoin",2
"accurate bitcoin",2
"ada dot",2
"airdrop airdrops",2
"airdrops airdropdetective",2
"airdrops airdropsinspector",2
"airdropsinspector binancesmartchain",2
"altcoin crypto",2
"amazing introduced",2
"amazon brands",2
"australia 8",2
"ban bitcoin",2
"banksters amp",2
"based parachain",2
"bigwin bwin",2
"binance crypto",2
"binance pancakeswap",2
"binary option",2
"bitcoin's sudden",2
"bitcoin ",2
"bitcoin amp",2
"bitcoin ban",2
"bitcoin bitcoincash",2
"bitcoin bitcoins",2
"bitcoin bsc",2
"bitcoin charts",2
"bitcoin conference",2
"bitcoin crash",2
"bitcoin creator",2
"bitcoin dogecoin",2
"bitcoin etf",2
"bitcoin exchange",2
"bitcoin fixes",2
"bitcoin friends",2
"bitcoin instantly",2
"bitcoin mario",2
"bitcoin metric",2
"bitcoin money",2
"bitcoin myths",2
"bitcoin read",2
"bitcoin remains",2
"bitcoin safemoon",2
"bitcoin shitcoins",2
"bitcoin traders",2
"bitcoin transaction",2
"bitcoin tumble",2
"bitcoin wallets",2
"bitcoincash litecoin",2
"bitcoinwe earn",2
"blockchain property",2
"blockfi credit",2
"bnb 100xcoin",2
"bnb bitcoin",2
"bnb cryptocurrency",2
"bold bets",2
"bsc bscgem",2
"btc price",2
"btc staking",2
"build smart",2
"buy bitcoinwe",2
"buy cars",2
"buy crypto",2
"buying fees",2
"bwin defi",2
"capital gains",2
"capital markets",2
"carnivore diet",2
"cars houses",2
"cashback amount",2
"cathie wood's",2
"central bankers",2
"central banking",2
"charts stonks",2
"china 12",2
"coal dwfe",2
"collect earnings",2
"convenience store",2
"corrective phase",2
"crypto ",2
"crypto assets",2
"crypto collapse",2
"crypto cryptonews",2
"crypto deerswap",2
"crypto miners",2
"crypto mining",2
"crypto price",2
"cryptocurrency coin",2
"cryptocurrency correction",2
"cryptocurrency cryptotrading",2
"cryptocurrency miners",2
"cryptocurrency nftdrop",2
"dan held",2
"defi bsc",2
"defi dogecoin",2
"defi elon",2
"demand gt",2
"demand increases",2
"denigrate bitcoin",2
"doge dogecoin",2
"doge shiba",2
"dogecoin deal",2
"dogecoin ethereum",2
"dogecoin faucet",2
"dora defi",2
"doraemon link",2
"doraemoon dora",2
"doraemoon fly",2
"downside expected",2
"duplicitous nature",2
"earn 1btc",2
"earned free",2
"earning bitcoin",2
"elon crypto",2
"energy coming",2
"entrepreneurs innovate",2
"esg issues",2
"eth airdrop",2
"eth bitcoin",2
"eth bsc",2
"ethereum amp",2
"ethereum btc",2
"ethereum cardano",2
"ethereum classic",2
"excellent observation",2
"exciting experience",2
"experienced team",2
"fees forever",2
"fiat financial",2
"financial system",2
"fintech bitcoin",2
"fixed supply",2
"forex bitcoin",2
"forex trader",2
"france 11",2
"fud spreaders",2
"fun piece",2
"future airdrop",2
"futurov bsc",2
"germany 17",2
"giftideas shop",2
"goldman sachs",2
"gt demand",2
"gt entrepreneurs",2
"guys ido",2
"held bitcoin",2
"historically accurate",2
"hit 100",2
"hodl bitcoin",2
"houses pay",2
"iceland 79",2
"illicit purposes",2
"increases gt",2
"india 8",2
"info forex",2
"interior mongolia",2
"interoperable bitcoin",2
"investing investor",2
"investment founder",2
"investment ltdwe",2
"invitation code",2
"iq test",2
"iran government",2
"join free",2
"league final",2
"libonomy interoperable",2
"link doraemoon",2
"live info",2
"lol bitcoin",2
"lolli join",2
"longed 3",2
"longed 4",2
"love crypto",2
"mainstream media",2
"mario tooniemario",2
"market manipulation",2
"marketing bitcoin",2
"meet demand",2
"metric suggests",2
"michael saylor",2
"mind bloomberg",2
"mine btc",2
"mocktailfinance mocktailswap",2
"monetary unit",2
"money ethereum",2
"money stocks",2
"musk reveals",2
"musk tweets",2
"network effect",2
"nft nftart",2
"nftart nftartist",2
"nftartist nftshill",2
"nftcollection cryptocurrency",2
"nftcollector nftcommunity",2
"nftcollectors nftcollection",2
"nftcommunity nftcollectors",2
"nfts bitcoin",2
"nftshill nftcollector",2
"opinion cryptocurrencies",2
"opportunity airdrops",2
"opportunity excellent",2
"pancakeswap airdrop",2
"pink bitcoin",2
"pinterest dogecoin",2
"polkadot blockchain",2
"polkadot kusama",2
"pre sale",2
"presale whitelist",2
"previous cycles",2
"price action",2
"price prediction",2
"primary energy",2
"project bitcoin",2
"project guys",2
"projected airdrop",2
"purchasing power",2
"recommend buying",2
"renewable energy",2
"rich ppl",2
"rocket science",2
"save 20",2
"scammed coins",2
"scum scum",2
"shark tank",2
"shiba bitcoin",2
"short bitcoin",2
"smart contracts",2
"smile nft",2
"sound money",2
"south korea",2
"spacetoken join",2
"speculative asset",2
"stacksats bitcoin",2
"staking bonuses",2
"staking payouts",2
"stay positive",2
"stocks investing",2
"sudden drop",2
"tips update",2
"tooniemario hurries",2
"trader forextrader",2
"trader money",2
"trading business",2
"trending finance",2
"uk 14",2
"uncleeagleindicator trading",2
"unprecedented growth",2
"wall street",2
"wallets holding",2
"watch live",2
"web 3",2
"weeks ago",2
"widely adopted",2
"withdrawal feesif",2
"wood's arkk",2
"wrapped bitcoin",2
"xrp crypto",2
"youkindly contact",2
" 39",1
" 6",1
" bitcoin",1
" cnbc",1
" dan",1
" dangerous",1
" dax",1
" gaps",1
" growth",1
" ideas",1
" miami",1
" noge",1
" prediction",1
" quote",1
" regulation",1
" shawn",1
" unbelievable",1
" waterloo",1
" zwicapital",1
"0 4",1
"0 infrastructure",1
"01 btc",1
"05 25",1
"08 06",1
"09 21",1
"1 2",1
"1 20",1
"1 4",1
"1 ada",1
"1 austral",1
"1 billion",1
"1 bonus",1
"1 directly",1
"1 dogecoin",1
"1 million",1
"1 minute",1
"1 ofac",1
"1 ounce",1
"10 06",1
"10 15",1
"10 15xrp",1
"10 bitcoin",1
"10 munites",1
"100 1k",1
"100 btc",1
"100 million",1
"100 predict",1
"100 responsible",1
"1000 argentinean",1
"100k sats",1
"100x coin",1
"101 nyc",1
"10the dollar",1
"12 hours",1
"13 yr",1
"1312021 ",1
"1400 384",1
"15 yrsnew",1
"150th anniversary",1
"15xrp crypto",1
"16 jump",1
"163 billion",1
"166 billion",1
"18 months",1
"1h bitcoin",1
"1k btc",1
"2 2",1
"2 airsave",1
"2 amp",1
"2 bitcoin",1
"2 cents",1
"2 doge",1
"2 extremes",1
"2 month",1
"2 reasons",1
"2 utk",1
"20 50",1
"20 altcoins",1
"20 essentially",1
"20 trillion",1
"20 worth",1
"200 1312021",1
"200 23buy",1
"200 day",1
"200 markets",1
"200 turkish",1
"2000 era",1
"2008 bailout",1
"2010 ",1
"2014 buyers",1
"2017 1",1
"2018 hanyecz",1
"2020 whinstone",1
"2021 bet",1
"2021 historian",1
"2021 leading",1
"2021 mertiumwatch",1
"2021 read",1
"2021polka bridge",1
"2022 2024",1
"2028 baby",1
"21 m2",1
"21st century",1
"23buy bitcoin",1
"24 7",1
"24 hours",1
"24hrs defying",1
"24hrs invest",1
"24hrs perfect",1
"25 21",1
"27 21",1
"27 buglemiami",1
"2pm london",1
"2x 3x",1
"3 30pm",1
"3 4",1
"3 bitcoin",1
"3 centuries",1
"3 millennia",1
"30 eth",1
"30 lower",1
"30k lows",1
"31k bitcoin",1
"32 34dyor",1
"34dyor nfa",1
"35 bouncing",1
"35 ration",1
"35k major",1
"365m haul",1
"36k btc",1
"39440 hold",1
"4 2",1
"4 dollar",1
"4 hours",1
"4 powered",1
"4 weeks",1
"40 freespins",1
"40 renewable",1
"40 tomorrow",1
"40500 level",1
"40600 level",1
"40k price",1
"40k sexy",1
"42 42",1
"45 48k",1
"45 minutes",1
"4h chart",1
"4hr candled",1
"5 billion",1
"5 giveaway",1
"50 amazon",1
"50 cashback",1
"50 disrupt",1
"50 wake",1
"500 added",1
"500 futures",1
"50k cryptotrading",1
"51 attack",1
"52 minimum",1
"6 7",1
"6 starting",1
"6 weeks",1
"60 minutes",1
"60 roi",1
"622 stores",1
"640b dollars",1
"65 35",1
"6tt deficit",1
"7 cryptotrading",1
"7 million",1
"7 minute",1
"70 profitable",1
"7th largest",1
"8 10x",1
"8 tax",1
"80proofkoolaid bitcoincrash",1
"80s 1000",1
"8216 fud",1
"85 yr",1
"9 pages",1
"900k btc",1
"98 million",1
"abound defi",1
"abraham lincoln",1
"absolute bullshit",1
"absolute truth",1
"absolutely smash",1
"absolutely unbelievable",1
"accelerate sustainable",1
"accept craig",1
"accept cryptorobloxtoys",1
"accepting dogecoin",1
"account hacked",1
"accountability fairness",1
"accounting nightmare",1
"accounts shilling",1
"accumulation pattern",1
"accumulation zone",1
"achieve lots",1
"action continues",1
"actual usage",1
"actual users",1
"ada cardano",1
"add bitcoin",1
"added 0",1
"additional energy",1
"additional rules",1
"address sirbc1qx493txxm7r6crf2xau6mmfcteydvfdxjudcj96really",1
"adjusted returns",1
"adonx exchanger",1
"adopting bitcoin",1
"adoption rises",1
"adult entertainment",1
"advanced blockchain",1
"advantages disadvantages",1
"aether bitcoin",1
"affected bitcoin's",1
"affects stock",1
"affiliate boost",1
"affiliate covid19",1
"affiliate referral",1
"affiliatemarketing check",1
"affiliatemarketing pipeflare",1
"affiliatemarketing receive",1
"affordable solar",1
"age automated",1
"ahead project",1
"ai flash",1
"aibc dubai",1
"aipi aipiglobal",1
"aipichain aipi",1
"aipiglobal aipiworld",1
"aipiworld binancecoinsbit",1
"air crypto",1
"airdrop binance",1
"airdrop giveaway",1
"airdrops bitcoin",1
"airdrops snb",1
"airsave travel",1
"alchemist introduces",1
"algorithm super",1
"algos written",1
"aliasing system",1
"allocation based",1
"allowing customers",1
"alot trading",1
"alphabet kndi",1
"alt coin",1
"alt coins",1
"altcoin cryptocurrency",1
"altcoin videos",1
"altcoins crypto",1
"altcoins graves",1
"altcoins roadto030",1
"alternatives replacements",1
"altseason bitcoin",1
"alum sec",1
"alwaysairdrops airdropdetective",1
"amazing ",1
"amazing builds",1
"amazing encrypto",1
"amazing opportunity",1
"amazing tale",1
"amazon buy",1
"amazon gift",1
"amazon phase",1
"amd producing",1
"america meant",1
"american businessman",1
"american dump",1
"american miners",1
"amid calls",1
"amid heightened",1
"amirite fellas",1
"amp 8216",1
"amp 8217",1
"amp affordable",1
"amp btc",1
"amp business",1
"amp cargo",1
"amp crypto",1
"amp dump",1
"amp environmental",1
"amp eth",1
"amp fair",1
"amp gained",1
"amp governance",1
"amp ivory",1
"amp learn",1
"amp levels",1
"amp lord",1
"amp politicians",1
"amp reviews",1
"amp sov",1
"amp tech",1
"amp threatens",1
"amp trade",1
"amp trading",1
"analysis 21",1
"analysis amp",1
"analyst paints",1
"angel investingenjoy",1
"animals 900k",1
"announces partnership",1
"annualized greenhouse",1
"anonymous miners",1
"anti semitism",1
"anxiety trade",1
"app scum",1
"app specific",1
"apple nfts",1
"application progress",1
"applyslots onlinecasino",1
"approximately 2",1
"approximately 45",1
"april 20",1
"april 21",1
"april sokonews",1
"arbitrary transactions",1
"argentinean peso",1
"argo blockchain",1
"arlington national",1
"arrested news",1
"arrivedbitcoin cryptocurrency",1
"article bitcoin",1
"articles resources",1
"artificial intelligence",1
"asset coindesk",1
"asset people",1
"assets directly",1
"association delegates",1
"assumptionscentral banks",1
"asymmetry scooping",1
"ath date",1
"atlantic convenience",1
"attains materiality",1
"attestations stablecoin",1
"audience intersection",1
"authoritarian government",1
"authority demanding",1
"automated treasury",1
"avax egld",1
"avax sol",1
"average block",1
"average investors",1
"average person",1
"average rose",1
"average wave",1
"averaging bitcoin",1
"avocados toast",1
"awesome content",1
"awesome pic",1
"awesome project",1
"awesome slots",1
"baby bitcoin",1
"bad bearish",1
"bad monetary",1
"badly tested",1
"bag bitcoin",1
"bagging loads",1
"bagging project",1
"bags impossible",1
"baiting bitcoin",1
"bake rune",1
"balance sheet",1
"ball entering",1
"bank aipichain",1
"bank cards",1
"bank driven",1
"bank governor",1
"bank insolvent",1
"bank policy",1
"bankers amp",1
"banking cartel",1
"banking economy",1
"banks usdc",1
"banned bitcoin",1
"barmy build",1
"barry norris",1
"bars strippers",1
"base architecture",1
"based portal",1
"based projects",1
"basic social",1
"bch ada",1
"bch dogecoin",1
"bch ltc",1
"bday cake",1
"bear sentiment",1
"bearish divs",1
"bearish explained",1
"bearish scenario",1
"bearish takes",1
"bears remain",1
"beat bitcoin",1
"beautiful chaos",1
"beautiful emotions",1
"beautiful mechanics",1
"begin allowing",1
"beginning buying",1
"beijing cracks",1
"beijing intensified",1
"believed success",1
"ben weiss",1
"benefited greatly",1
"bep20 blockchain",1
"berkeley promotes",1
"bet coming",1
"beta growing",1
"beta testing",1
"betfurysuccess tron",1
"bhi waqt",1
"bibi stop",1
"biden budget",1
"biggest airdrop",1
"biggest crash",1
"biggest cryptocurrency",1
"biggest game",1
"bill gates",1
"billion ",1
"billion worth",1
"billionaire investor",1
"billy bob",1
"binance binancesmartchain",1
"binance bnb",1
"binance bsc",1
"binance defi",1
"binance exchange",1
"binance smart",1
"binance tron",1
"binance xep",1
"binancecoinsbit bsc",1
"binancesmartchain binance",1
"birthdayparty bitcoin",1
"birthdays birthdayweekend",1
"birthdayweekend birthdayparty",1
"bisnisonline business",1
"bitcoin's china",1
"bitcoin's incentives",1
"bitcoin's jesus",1
"bitcoin's price",1
"bitcoin's search",1
"bitcoin's underlying",1
"bitcoin's volatility",1
"bitcoin 0",1
"bitcoin 3",1
"bitcoin 30",1
"bitcoin ad",1
"bitcoin adoption",1
"bitcoin advocate",1
"bitcoin affects",1
"bitcoin affiliatemarketing",1
"bitcoin airdrop",1
"bitcoin airdrops",1
"bitcoin altcoins",1
"bitcoin alternative",1
"bitcoin amid",1
"bitcoin analyses",1
"bitcoin apple",1
"bitcoin application",1
"bitcoin arguments",1
"bitcoin aspect",1
"bitcoin atm",1
"bitcoin attains",1
"bitcoin attempts",1
"bitcoin average",1
"bitcoin bday",1
"bitcoin bearish",1
"bitcoin berkeley",1
"bitcoin beta",1
"bitcoin bitchblocked",1
"bitcoin bitcoinminingcouncil",1
"bitcoin boom",1
"bitcoin breaks",1
"bitcoin bridge",1
"bitcoin btcforexlive",1
"bitcoin btcfull",1
"bitcoin btctradingview",1
"bitcoin btcusd",1
"bitcoin bubble",1
"bitcoin bull",1
"bitcoin bullish",1
"bitcoin business",1
"bitcoin businessgrowth",1
"bitcoin campaign",1
"bitcoin captures",1
"bitcoin carries",1
"bitcoin cash",1
"bitcoin chose",1
"bitcoin code",1
"bitcoin competitors",1
"bitcoin constantly",1
"bitcoin consuming",1
"bitcoin core",1
"bitcoin coronavirus",1
"bitcoin corporation",1
"bitcoin count",1
"bitcoin crashes",1
"bitcoin creates",1
"bitcoin critics",1
"bitcoin cryptobanter",1
"bitcoin cryptocurrencies",1
"bitcoin cryptocurrrency",1
"bitcoin cryptonews",1
"bitcoin decreases",1
"bitcoin defi",1
"bitcoin denoted",1
"bitcoin dev",1
"bitcoin diamond",1
"bitcoin dips",1
"bitcoin discover",1
"bitcoin doesn",1
"bitcoin dowjones",1
"bitcoin driven",1
"bitcoin emerged",1
"bitcoin eps",1
"bitcoin equivalent",1
"bitcoin ether",1
"bitcoin etherum",1
"bitcoin ethos",1
"bitcoin exchanges",1
"bitcoin fails",1
"bitcoin family",1
"bitcoin fans",1
"bitcoin fell",1
"bitcoin finding",1
"bitcoin food",1
"bitcoin forgets",1
"bitcoin fork",1
"bitcoin fulfill",1
"bitcoin gained",1
"bitcoin grows",1
"bitcoin gusd",1
"bitcoin hasn",1
"bitcoin hat",1
"bitcoin history",1
"bitcoin hit",1
"bitcoin holders",1
"bitcoin holds",1
"bitcoin hosting",1
"bitcoin hovers",1
"bitcoin hugely",1
"bitcoin imagine",1
"bitcoin imaluckyone",1
"bitcoin immune",1
"bitcoin index",1
"bitcoin induces",1
"bitcoin inflation",1
"bitcoin inside",1
"bitcoin investorplace",1
"bitcoin investors",1
"bitcoin isn",1
"bitcoin joke",1
"bitcoin kapzz",1
"bitcoin laser",1
"bitcoin lasereyes",1
"bitcoin lawyers",1
"bitcoin layer",1
"bitcoin layer2",1
"bitcoin leads",1
"bitcoin lingo",1
"bitcoin locked",1
"bitcoin logo",1
"bitcoin low",1
"bitcoin manipulation",1
"bitcoin marketmanipulation",1
"bitcoin maximalism",1
"bitcoin maximalists",1
"bitcoin meet",1
"bitcoin miner",1
"bitcoin motherfuckaaa",1
"bitcoin news",1
"bitcoin node",1
"bitcoin nuclear",1
"bitcoin offerings",1
"bitcoin opec",1
"bitcoin optimism",1
"bitcoin pair",1
"bitcoin pancakeswap",1
"bitcoin party",1
"bitcoin passengers",1
"bitcoin platform",1
"bitcoin poaster",1
"bitcoin popcorn",1
"bitcoin prices",1
"bitcoin pump",1
"bitcoin puzzle",1
"bitcoin reduce",1
"bitcoin referral",1
"bitcoin released",1
"bitcoin replaces",1
"bitcoin represents",1
"bitcoin rn",1
"bitcoin rose",1
"bitcoin roy",1
"bitcoin sadly",1
"bitcoin safe",1
"bitcoin sarcasm",1
"bitcoin scam",1
"bitcoin scams",1
"bitcoin selling",1
"bitcoin shortsqueeze",1
"bitcoin sidechains",1
"bitcoin situation",1
"bitcoin slumped",1
"bitcoin slumps",1
"bitcoin specifically",1
"bitcoin sportsbook",1
"bitcoin stabilises",1
"bitcoin stabilizing",1
"bitcoin standard",1
"bitcoin start",1
"bitcoin stellar",1
"bitcoin struggles",1
"bitcoin subreddit",1
"bitcoin supercycle",1
"bitcoin support",1
"bitcoin surprise",1
"bitcoin swings",1
"bitcoin tab",1
"bitcoin tiger's",1
"bitcoin timestamping",1
"bitcoin tracker",1
"bitcoin trade",1
"bitcoin trading",1
"bitcoin train",1
"bitcoin transactions",1
"bitcoin true",1
"bitcoin tulips",1
"bitcoin unable",1
"bitcoin uniswap",1
"bitcoin update",1
"bitcoin usa",1
"bitcoin vulnerable",1
"bitcoin week",1
"bitcoin whales",1
"bitcoin whalesthey",1
"bitcoin woke",1
"bitcoin world",1
"bitcoin2021 whale",1
"bitcoincash crypto",1
"bitcoincash diamondhands",1
"bitcoincash trader",1
"bitcoincreditcard cryptocurrencies",1
"bitcoiners cheering",1
"bitcoiners final",1
"bitcoini heard",1
"bitcoinmining bitcoincash",1
"bitcoinmining cryptocurrencies",1
"bitcoinmining trading",1
"bitcoinminingcouncil blockchain",1
"bitcoinnews cryptonews",1
"bitcoins bch",1
"bitcoins bitcoinmining",1
"bitcoins bitcoinnews",1
"bitcointo digibyte",1
"bitcon crypto",1
"bittrex binance",1
"biweekly starting",1
"bizarre regulatory",1
"black knight",1
"black market",1
"blame bitcoin",1
"bless god",1
"blillions laundered",1
"block reward",1
"block time",1
"blockchain accounts",1
"blockchain association",1
"blockchain blockchain",1
"blockchain blockchainnews",1
"blockchain blockchaintechnology",1
"blockchain btc",1
"blockchain council",1
"blockchain crowd",1
"blockchain defi",1
"blockchain forensics",1
"blockchain ledger",1
"blockchain libonomy",1
"blockchain lse",1
"blockchain money",1
"blockchain otc",1
"blockchain parachain",1
"blockchain platform",1
"blockchain solves",1
"blockfi cryptocurrency",1
"blog written",1
"blogs amp",1
"bloomberg galaxy",1
"bloomberg planting",1
"blsp cashapp",1
"blue squiggle",1
"bnb cihuaswap",1
"bnb crypto",1
"bnb cryptocurrencies",1
"bnb deerswap",1
"bnb doge",1
"bnb knot",1
"bnb pancakeswap",1
"bnb safespace",1
"bnn bloomberg",1
"boating accident",1
"boj governor",1
"bona fide",1
"bond flows",1
"bond market",1
"boom bust",1
"booming gt",1
"boost bet",1
"boost system",1
"boosted bitcoin",1
"borrow amp",1
"borrowing lending",1
"bought 1",1
"bought bitcoin",1
"bought gold",1
"bought pizza",1
"boys favorite",1
"brand potentialorganic",1
"break 200",1
"break bitcoin",1
"brian brooks",1
"bribe money",1
"bridge community",1
"bringing bitcoin",1
"bro bnb",1
"bro poly",1
"broken english",1
"brooks excluding",1
"brother enjoy",1
"bsc 0xd8dc2cca43722ee4cf5989ca7a674de775e2bc45",1
"bsc accessible",1
"bsc airdrop",1
"bsc crudeoil",1
"bsc incredible",1
"bsc project",1
"bsc reef",1
"bscgem bscxheroes",1
"bsclaunch bsc",1
"bscxheroes bscgems",1
"bsv cage",1
"bsv represents",1
"btc ",1
"btc 2028",1
"btc ada",1
"btc bounced",1
"btc btc",1
"btc btcusdt",1
"btc crypto",1
"btc dips",1
"btc earn",1
"btc ethereum",1
"btc follow",1
"btc forex",1
"btc fx",1
"btc immediately",1
"btc investment",1
"btc markets",1
"btc nft",1
"btc pairs",1
"btc pointless",1
"btc soars",1
"btc solves",1
"btc success",1
"btc takesaccept",1
"btc usdt",1
"btc whales",1
"btcanalysis btceur",1
"btcb busd",1
"btceur btcgbp",1
"btcforexlive european",1
"btcfull access",1
"btcfull slate",1
"btcgbp bitcoin",1
"btctradingview news",1
"btcusd btcusdt",1
"btcusdt bitcoin",1
"btcusdt cryptocurrency",1
"btd bsc",1
"btd narrative",1
"bubble closely",1
"budget 6tt",1
"budget proposal",1
"buglemiami miamiweather",1
"build audience",1
"bull cycle",1
"bull thinker",1
"bulletin 25th",1
"bullish amp",1
"bullish bearish",1
"bullish predictions",1
"bulls abound",1
"bullshit news",1
"bullshit tesla",1
"bumpy summer",1
"burency moning",1
"burning energy",1
"business benefit",1
"business bitcoin",1
"business defi",1
"business entrepreneur",1
"business hurdles",1
"business investment",1
"business investor",1
"business model",1
"business news",1
"business photooftheday",1
"businessgrowth marketingsolutions",1
"businessman carl",1
"bust cycle",1
"buy 4",1
"buy 50",1
"buy book",1
"buy btc",1
"buy cycle",1
"buy drugs",1
"buy green",1
"buy lby",1
"buy signals",1
"buyers received",1
"buying ",1
"buying 40k",1
"buying activity",1
"buying avocados",1
"buying bitcoin",1
"buying btc",1
"buying farms",1
"buying hardware",1
"buys bitcoin",1
"byzantine fault",1
"cafeswap bsc",1
"cage dude",1
"cake lol",1
"caliber takes",1
"called bitcoin",1
"called discouncil",1
"calls crypto",1
"campaign donations",1
"candled closed",1
"cannabis cultivation",1
"cap decided",1
"capacity perfect",1
"capacity riot",1
"capital reserves",1
"capitalization list",1
"captain beefheart",1
"capture bitcoin",1
"captures trustlessly",1
"carbon credit",1
"carbon credits",1
"carbon emission",1
"carbon emissions",1
"carbon footprint",1
"card amp",1
"card benefits",1
"cardano ada",1
"cardano bsc",1
"cardano cardanocommunity",1
"cardano polkadot",1
"cardano360 altseason",1
"cardanoada cardano360",1
"cardanocommunity cardanoada",1
"cardone discussed",1
"cards couple",1
"cargo planes",1
"carl icahn",1
"carneficina bitcoin",1
"cash bitcoin",1
"cash ethereum",1
"cashapp chainlink",1
"cashback crypto",1
"catalysts coming",1
"catastrophic failure",1
"catch phrase",1
"caught participating",1
"cbdc cryptocurrency",1
"cbn digitalcurrency",1
"cbn governor",1
"cel wmt",1
"celebrate celebrate",1
"cellan jones",1
"censoring anonymous",1
"censorship resistance",1
"central authority",1
"central gov't",1
"centralize bitcoin",1
"centralized architecture",1
"centralized federation",1
"centralized goverments",1
"centralized mining",1
"centralized shit",1
"centre holds",1
"cents buy",1
"centuries math",1
"ceo brian",1
"ceo ryan",1
"chain bsc",1
"chain dex",1
"chain vision",1
"chainlink ada",1
"chainlink wkhs",1
"chains pretty",1
"challenges global",1
"change improvement",1
"channel line",1
"chart dump",1
"chart lost",1
"charts share",1
"chat laying",1
"cheap energy",1
"cheap renewables",1
"cheap solar",1
"cheating safe",1
"chf accepted",1
"chia mining",1
"child's crypto",1
"children spark",1
"chilling knowing",1
"china's central",1
"china's crackdown",1
"china business",1
"china gyrations",1
"china imposed",1
"china operations",1
"china restriction",1
"chinese crypto",1
"chinese miners",1
"chmn gensler",1
"choice iifi",1
"chsb's fundamentals",1
"cihuapls check",1
"cihuaswap cihuapls",1
"circa 1",1
"class goldman",1
"classic filecoin",1
"classic lostbitcoin",1
"clean imotesting",1
"click baiting",1
"clientonboarding kyc",1
"climate impact",1
"climate story",1
"climb nftcommunity",1
"climbed 0",1
"climbing slowly",1
"close correct",1
"closedaily close",1
"closely correlated",1
"clothes bitcoin",1
"cloud storage",1
"clpt binance",1
"clu coin",1
"clucoin clulambo",1
"clucoinarmy clu",1
"clucoincommunity clucoinarmy",1
"clulambo clucoincommunity",1
"cnbc ",1
"cnbc names",1
"cnbc news",1
"cnbc released",1
"coal 23r",1
"coal 4rt5y",1
"coal defv",1
"coal dws",1
"coal efdw",1
"coal ergthy",1
"coal fdew",1
"coal fed",1
"coal fewe",1
"coal fewe2",1
"coal fvdf",1
"coal fvred",1
"coal ht54",1
"coal jmuyht4r",1
"coal jyht",1
"coal kiujy",1
"coal kiujyht",1
"coal mined",1
"coal r32",1
"coal refgr",1
"coal rfe",1
"coal rfer",1
"coal rfer32",1
"coal rferw2",1
"coal rgferw",1
"coal sdwfe",1
"coal thy",1
"coal wdefwdefr",1
"coal wef",1
"coal wrefrg",1
"coaster chsb's",1
"cobalt lithium",1
"code 872d034dc",1
"code horlaitan01",1
"code ir10",1
"code nakadai",1
"codeaccept paypal",1
"coin bitcon",1
"coin join",1
"coin libonomy",1
"coin mining",1
"coin nft",1
"coin telegraph",1
"coin travel",1
"coinbase bitcoin",1
"coinbase bittrex",1
"coinbase launches",1
"coinbasepro bitcoin",1
"coins exist",1
"coins1 dia",1
"cold climates",1
"collectively retain",1
"college students",1
"colonial pipeline",1
"colorado governor",1
"colors stock",1
"coming cbdcs",1
"coming nextdetails",1
"common bitcoin",1
"common dono",1
"community isn",1
"community polkadot",1
"compare previous",1
"compatible blockchain",1
"complete bitcoin",1
"complete fucking",1
"complete picture",1
"complete sense",1
"completely insulated",1
"composite climbed",1
"computers mining",1
"conference due",1
"conference feels",1
"confidently forward",1
"confusion levels",1
"consecutively bitcoin",1
"consensus2021 register",1
"consistently bought",1
"consulting company",1
"consumerism vanishes",1
"content signing",1
"content worst",1
"continue amp",1
"contra btc",1
"contract defi",1
"convenience chain",1
"convert btc",1
"convert stake",1
"convertible token",1
"coo monica",1
"cool bottle",1
"cool defi",1
"cool project",1
"cooler friends",1
"cops amp",1
"core channel",1
"core wallet",1
"corner bitcoin",1
"corporate marketing",1
"correct answer",1
"corrupt money",1
"corrupt politicians",1
"cosmos web3",1
"cosplaying government",1
"cost averaging",1
"council digitalassets",1
"count gt",1
"counter trade",1
"country amd",1
"country pushing",1
"couple months",1
"courts scrapped",1
"cover story",1
"covered sharia",1
"craig signing",1
"crappy stocks",1
"crash kar",1
"crash leaked",1
"crashed 30",1
"crashes driven",1
"create fomo",1
"create global",1
"created safu",1
"creates organic",1
"creating food",1
"creative ideas",1
"creative lol",1
"creator world",1
"credentials stokes",1
"creditcard cryptocreditcard",1
"credits business",1
"criminality bitcoin",1
"criminals love",1
"critical comments",1
"critical shortcoming",1
"critical thinkers",1
"cross chain",1
"crypto 08",1
"crypto 10",1
"crypto adoption",1
"crypto advice",1
"crypto airdrop",1
"crypto altcoin",1
"crypto amp",1
"crypto banking",1
"crypto banks",1
"crypto binance",1
"crypto bitcointhis",1
"crypto blockcha",1
"crypto btc",1
"crypto chatter",1
"crypto community",1
"crypto crash",1
"crypto credit",1
"crypto crime",1
"crypto cryptocurrency10",1
"crypto cult",1
"crypto dm",1
"crypto economy",1
"crypto enthusiast",1
"crypto fund",1
"crypto index",1
"crypto indices",1
"crypto industry",1
"crypto instaswap",1
"crypto lby",1
"crypto lending",1
"crypto mainframe",1
"crypto marius",1
"crypto meltdown",1
"crypto millionaire",1
"crypto mine",1
"crypto money",1
"crypto motivation",1
"crypto naysayers",1
"crypto nft",1
"crypto noobs",1
"crypto notfinancialadvice",1
"crypto panic",1
"crypto people",1
"crypto polis",1
"crypto polkadot",1
"crypto prices",1
"crypto provider",1
"crypto regulatory",1
"crypto rule",1
"crypto scene",1
"crypto shopping",1
"crypto sikarulnu",1
"crypto space",1
"crypto startup",1
"crypto supply",1
"crypto taxes",1
"crypto trading",1
"crypto twitter",1
"crypto world",1
"crypto xrp",1
"cryptoassets market",1
"cryptobitcoin startwithlakoten",1
"cryptocrash crypto",1
"cryptocreditcard bitcoincreditcard",1
"cryptocurrencies bitcoin",1
"cryptocurrencies crypto",1
"cryptocurrencies defi",1
"cryptocurrencies dogecoin",1
"cryptocurrencies fintech",1
"cryptocurrencies news",1
"cryptocurrencies shakes",1
"cryptocurrencies slip",1
"cryptocurrencies technical",1
"cryptocurrency 09",1
"cryptocurrency bitbns",1
"cryptocurrency btc",1
"cryptocurrency check",1
"cryptocurrency community",1
"cryptocurrency crashed",1
"cryptocurrency creditcard",1
"cryptocurrency cryptocurrencies",1
"cryptocurrency cryptocurrenices",1
"cryptocurrency cryptotwitter",1
"cryptocurrency defi",1
"cryptocurrency eth",1
"cryptocurrency realistic",1
"cryptocurrency rules",1
"cryptocurrency started",1
"cryptocurrency success",1
"cryptocurrency10 discount",1
"cryptocurrenices dogearmy",1
"cryptocurrrency payments",1
"cryptojust kidding",1
"cryptokiosk batm",1
"cryptomarket orchestratedcrash",1
"cryptonews 101",1
"cryptonews bitcoincash",1
"cryptonews bsclaunch",1
"cryptonews cryptotwitter",1
"cryptonews etherium",1
"cryptonews motivation",1
"cryptorobloxtoys robloxtoy",1
"cryptos eth",1
"cryptotab affiliate",1
"cryptotab earn",1
"cryptotrading bitcoin",1
"cryptotrading crypto",1
"cryptotrading eternals",1
"cryptotrading ethereum",1
"cryptotrading zebpay",1
"cryptotwitter altcoin",1
"cryptotwitter cryptocurrencies",1
"cryptotwitter cryptotrading",1
"cryptowithmc announces",1
"crystal ball",1
"cultivation set",1
"cultural advocates",1
"currencies amid",1
"currency ",1
"currency bond",1
"currency dropped",1
"currency model",1
"currency ness",1
"currency news",1
"currency slipped",1
"currency wears",1
"current indian",1
"current momentum",1
"current price",1
"current theory",1
"custodian centre",1
"custom ethereum",1
"cyber attacks",1
"cyber hornets",1
"cycle highs",1
"cycle pattern",1
"cynical bastard",1
"czech republic",1
"daily bulletin",1
"daily closedaily",1
"daily naked",1
"daily poc",1
"dailyinvest bitcoin",1
"dallas mavericks",1
"dan pena",1
"dapps directly",1
"dark secrets",1
"dark web",1
"dash bitcoin",1
"dash core",1
"data coming",1
"data gold",1
"data management",1
"date based",1
"date follow",1
"date performance",1
"dax gold",1
"day 2021polka",1
"day 62",1
"day barmy",1
"day simple",1
"day whale",1
"days cry",1
"de anxiety",1
"dead set",1
"dear esg",1
"dear lifethis",1
"debit card",1
"debt contract",1
"dec 1",1
"decent hedge",1
"decentralised travel",1
"decentralized amp",1
"decentralized blockchains",1
"decentralized finance",1
"decentralized identifiers",1
"decentralized nodes",1
"decentralized red",1
"decentralized socialnetwork",1
"decentralized sov",1
"decisive daily",1
"decreases redistributing",1
"deep btd",1
"deep dive",1
"deferred payment",1
"defi bitcoin",1
"defi ethereum",1
"defi hub",1
"defi kusama",1
"defi milestone",1
"defi newspulsechain",1
"defi parachain",1
"defi presale",1
"defi project",1
"defi projects",1
"defi ren",1
"defi sidechain",1
"deflation society",1
"defying cryptocurrency",1
"degraded 35",1
"delegates meeting",1
"delete history2",1
"demonstrated alsocraig",1
"denmark's central",1
"denominate prices",1
"denoted debt",1
"denounces bitcoin",1
"designs arrivedbitcoin",1
"desires bitcoin",1
"destroy communism",1
"destroying democracies",1
"destruction destroying",1
"detailed bitcoin",1
"determine probabilities",1
"dev core",1
"developed capacity",1
"developing daily",1
"developing rapidly",1
"development plan",1
"developping 145",1
"device bitcoin",1
"dex kusama",1
"diamond watch",1
"diamondhands cryptotwitter",1
"dies imo",1
"diet spin",1
"difference anymore",1
"digit percentage",1
"digital currencies",1
"digital gold",1
"digital solutions",1
"digitalassets energy",1
"digitalcurrency volatility",1
"dimons bonuses",1
"dip buying",1
"direct mailer",1
"directly funding",1
"dirty coal",1
"dirty fud",1
"disagree microsoft",1
"disagree tom",1
"disappeared btc",1
"disaster improve",1
"discord binancesmartchain",1
"discouncil table",1
"discuss bitcoin",1
"discuss esg",1
"discussed bitcoin",1
"discussing bitcoin's",1
"discussing private",1
"dismiss regular",1
"dismisses energy",1
"dismissing bitcoin",1
"display currency",1
"disrupt sec",1
"dissipation costs",1
"distant cousins",1
"distribution talent",1
"dive explode",1
"diversify revenue",1
"dji drone",1
"dji fpv",1
"dm's amp",1
"dm locked",1
"doesnt exclude",1
"doge basket",1
"doge bnb",1
"doge eth",1
"doge faucet",1
"dogearmy dogecoin",1
"dogearmy dogecoinrise",1
"dogecoin adalooking",1
"dogecoin affiliatemarketing",1
"dogecoin bitcoin",1
"dogecoin cryptocrash",1
"dogecoin cryptocurrencies",1
"dogecoin doge",1
"dogecoin elonmusk",1
"dogecoin giftidea",1
"dogecoin price",1
"dogecoin shibarmy",1
"dogecoinapple spotify",1
"dogecoinrise btc",1
"dogmatic religion",1
"dollar alternatives",1
"dollar cost",1
"dollars anymore",1
"dono kisi",1
"dont agree",1
"dont miss",1
"dot avax",1
"dot bch",1
"dotted purple",1
"double bait",1
"doubt bitcoin",1
"dow jones",1
"dowjones forex",1
"downside 37500",1
"downside cycle",1
"downside pullback",1
"downside super",1
"dramatic rise",1
"dripped ",1
"driven assets",1
"driven currency",1
"driven time",1
"driving volatility",1
"drone 2020",1
"drone maker",1
"drones dji",1
"droneworld sony",1
"drop cnbc",1
"drunk real",1
"dubai conference",1
"dubaicoin rises",1
"dude airdrop",1
"dum dum",1
"dum libertarians",1
"dumb american",1
"dump scheme",1
"dump smhbtc",1
"dumping bitcoin",1
"dunning krueger",1
"dying breed",1
"earn 0",1
"earn cryptocoin",1
"earn cryptotab",1
"earn free",1
"earn half",1
"earn massively",1
"earned income",1
"earning free",1
"earning sustainable",1
"earning update",1
"earnings bitcoin",1
"earnmoney affiliate",1
"eaton cardone",1
"eclipse bitcoin",1
"eco terrorists",1
"ecological disaster",1
"economic read",1
"economic standards",1
"economy fintech",1
"edges ahead",1
"effective driver",1
"effective services",1
"effectively pushing",1
"efficient amp",1
"efficient energy",1
"efficient language",1
"egld bake",1
"ego amp",1
"eh reality",1
"eiffel tower",1
"el salvador",1
"electric vehicles",1
"elon's centralized",1
"elon lmao",1
"elon taleb",1
"elonmusk blockchain",1
"em warm",1
"embarrassing fulfilling",1
"embarrassing noob",1
"emerging speculative",1
"emission exceeding",1
"emission output",1
"employs hundreds",1
"enabled peer",1
"encrypto bitcoin",1
"energy amazing",1
"energy amp",1
"energy bitcoin",1
"energy consumption",1
"energy credits",1
"energy crisis",1
"energy efficient",1
"energy elon",1
"energy green",1
"energy initiatives",1
"energy intensive",1
"energy rabbit",1
"energy resources",1
"energy spending",1
"energy transparency",1
"energy usage",1
"enforced esg",1
"england scored",1
"england stepping",1
"english language",1
"english learnearn",1
"enj enjin",1
"enjin coin",1
"enjoy 10",1
"ensues gt",1
"entertaining dan",1
"entertainment amp",1
"entertainment industry",1
"enthusiast sharing",1
"entire country",1
"entire recovery",1
"entrepreneur aims",1
"entrepreneur investment",1
"entrepreneur investor",1
"entrepreneur money",1
"entrepreneur stockmarket",1
"environment ",1
"environment elon",1
"environmental concerns",1
"environmental consulting",1
"environmental effect",1
"environmental impacts",1
"environmental issues",1
"environmental social",1
"environmentally friendly",1
"era amazon",1
"era crypto",1
"ergo nate",1
"escape regulators",1
"esg authority",1
"esg goals",1
"esg mission",1
"esg mob",1
"esg police",1
"esg positive",1
"esg renewableenergy",1
"esg standards",1
"estate agents",1
"estate market",1
"estimates coinmarketcap",1
"estonia president",1
"eternals doge",1
"etf contender",1
"etf marries",1
"eth 20",1
"eth amp",1
"eth bitcoins",1
"eth blockchain",1
"eth cryptocurrency",1
"eth defi",1
"eth doge",1
"eth dogecoin",1
"eth gains",1
"eth gas",1
"eth nfl",1
"eth shib",1
"eth tropes",1
"eth yeh",1
"eth yesterday",1
"ethereum 2",1
"ethereum altcoin",1
"ethereum based",1
"ethereum bitcoincash",1
"ethereum bulls",1
"ethereum coinmarketcappredicts",1
"ethereum compatible",1
"ethereum defi",1
"ethereum dies",1
"ethereum dogecoin",1
"ethereum eth",1
"ethereum exchange",1
"ethereum fall",1
"ethereum forex",1
"ethereum garlinghouse",1
"ethereum link",1
"ethereum network",1
"ethereum silver",1
"ethereum taxes",1
"etherium eth",1
"etherum airdrop",1
"etx coinbasepro",1
"eu regulator",1
"europa league",1
"europaleaguefinal bitcoin",1
"europe's biggest",1
"european equities",1
"european fx",1
"exact vibes",1
"examples include",1
"excellent company",1
"excess cash",1
"excess stolen",1
"exchange trade",1
"exchange traded",1
"exchanger bitcoin",1
"exchanges btc",1
"exciting contact",1
"exciting introduced",1
"excluding crypto",1
"exclusive conversation",1
"exist lucky",1
"exodus wallet",1
"expected bitcoin",1
"expects flood",1
"expenses related",1
"explain bitcoin",1
"explaining crypto",1
"explode criminality",1
"exposed live",1
"extreme upward",1
"eyed bitcoin",1
"eyes follow",1
"facebook apes",1
"facilitating securepayments",1
"failed bitcoin",1
"failing petrodollar",1
"fake news",1
"fake story",1
"fall tech",1
"falls 20",1
"false bitcoin",1
"family ",1
"familydrama ensues",1
"fans dismiss",1
"fantasy adopted",1
"farmmining facilities",1
"farthest distance",1
"fastest crypto",1
"faucet free",1
"fault tolerance",1
"faux currency",1
"favorable ratesmocktailfinance",1
"favorite catch",1
"favorite crypto",1
"favorite platform",1
"favorite programs",1
"favorite swing",1
"fax machine",1
"features outlined",1
"fed system",1
"federal spending",1
"fee legit",1
"fees eur",1
"fellow alum",1
"fellow celsian",1
"female bitcoin",1
"fiat convertible",1
"fiat currencies",1
"fiat dollar",1
"fiat experiment",1
"fiat printing",1
"fiat system",1
"filecoin price",1
"film dubbed",1
"filthy animals",1
"final analysis",1
"final answer",1
"final leg",1
"final shot",1
"final sportsbookeuropa",1
"finance stocks",1
"finance uni",1
"financial currency",1
"financial institutions",1
"financial intelligence",1
"financial services",1
"financialfreedom wealth",1
"finding 40k",1
"fine read",1
"fintech innovation",1
"firm ibsfintech",1
"first2 green",1
"firstlady victormoses",1
"fit fud",1
"fitz 05",1
"flagship cryptocurrency",1
"flash loans",1
"flashbot powered",1
"flat ahead",1
"flaunts bitcoin",1
"fly bitcoin",1
"flying cameras",1
"flying colors",1
"fold wheel",1
"folks telling",1
"follow brian",1
"follow enj",1
"followers request",1
"fomc market",1
"fomo driven",1
"fomo tether",1
"food branding",1
"food dazz",1
"food god",1
"food mart",1
"football fans",1
"football game",1
"footballstars tudamoon",1
"footprint buy",1
"forex analysis",1
"forex bisnisonline",1
"forex bitcoinmining",1
"forex crypto",1
"forex cryptonews",1
"forex entrepreneur",1
"forex money",1
"forextrader entrepreneur",1
"fork dirty",1
"forthepeople trump",1
"fortune buying",1
"foundations session",1
"founder shutting",1
"fpv droneworld",1
"framework ",1
"free amp",1
"free energy",1
"free games",1
"free info",1
"free sats",1
"free sign",1
"free stimulus",1
"free trade",1
"free zec",1
"freedom freedom",1
"freenode staff",1
"fresh volatility",1
"friday caused",1
"friend explain",1
"friendly bitcoin",1
"friendly projects",1
"friendly sidechains",1
"friendly tokens",1
"friends gt",1
"friendswhere friends",1
"fringe asset",1
"ftv futurov",1
"fucked bitcoin",1
"fucking morning",1
"fucking useless",1
"fud bitcoin",1
"fud btc",1
"fud cryptomarket",1
"fud doesn",1
"fud phase",1
"fud placements",1
"fuds time",1
"function research",1
"fundamentally broken",1
"fundamentals bitcoin",1
"fundamentals reasons",1
"funding companies",1
"funds 95",1
"futorov platform",1
"future ill",1
"future project",1
"fx news",1
"fx trading",1
"gained 31",1
"gained ive",1
"gains analysis",1
"gains guaranteed",1
"galaxy crypto",1
"gambler mindset",1
"game changer",1
"gameplaninvesting investment",1
"gas emission",1
"gas fees",1
"gas pump",1
"gateways defi",1
"gather data",1
"generate 130",1
"generated 100",1
"generational wealth",1
"genesis blockduring",1
"gensler paying",1
"germanyoil signaling",1
"giant sheetz",1
"gift card",1
"giftidea deal",1
"giftideas online",1
"gini coefficient",1
"git repos",1
"giveaway cryptocurrency",1
"giveaway sponsored",1
"giveaway stacksocial",1
"giving creative",1
"gladly accept",1
"global economic",1
"global financial",1
"global leader",1
"global real",1
"global regulatory",1
"globally resolvable",1
"gloved hand",1
"goals ahead",1
"god bless",1
"godwin emefiele",1
"gold 0",1
"gold bitcoin",1
"gold maxis",1
"gold regains",1
"gold returned",1
"gold silver",1
"golden cross",1
"gonna celebrate",1
"gonna love",1
"gonna shoot",1
"gonna strip",1
"gooooo vet",1
"gotta love",1
"gov't vow",1
"governance esg",1
"government announced",1
"government currency",1
"government decides",1
"government deciding",1
"government runs",1
"governor godwin",1
"governor haruhiko",1
"governor jared",1
"govts lining",1
"gradually move",1
"green bitcoin",1
"green credentials",1
"green dump",1
"green mining",1
"green path",1
"greener blockchain",1
"greenhouse gas",1
"grid period",1
"grill biz",1
"growing day",1
"growing fast",1
"growing metis",1
"growing purpose",1
"growth 2",1
"growth de",1
"growth means",1
"growth3 sovryn",1
"gt 60",1
"gt bitcoin",1
"gt friendswhere",1
"gt hobbiessleeping",1
"gt jobdoes",1
"gt lt",1
"gt rich",1
"gtv lt",1
"guaranteed defi",1
"guess bitcoin",1
"guess governments",1
"guggenheim's scott",1
"gun runners",1
"gusd usdc",1
"guy fixing",1
"guys cryptocurrency",1
"guyspresale privatesale",1
"hacking news",1
"haemochromatosis whw2021",1
"haha nice",1
"halt china",1
"hammering digital",1
"hand thx",1
"happy 150th",1
"happy bitcoin",1
"happy employer",1
"hard earned",1
"hard fork",1
"harder time",1
"harry potter",1
"haruhiko kuroda",1
"hate humanity",1
"hating hex",1
"head bad",1
"health repercussions",1
"hear sathvik",1
"heard link",1
"heart dog",1
"heat dissipation",1
"heavy nasdaq",1
"heightened global",1
"held hostage",1
"hell worst",1
"helped 47ppl",1
"helped gold",1
"helps alot",1
"hex doesn",1
"hex holders",1
"hey george",1
"hey jason",1
"hfsp ngmi",1
"hiding ignoring",1
"highly engaged",1
"highly undervalued",1
"highly undervaluedgood",1
"highs waters",1
"historical data",1
"history exposed",1
"history lesson",1
"history totalitarian",1
"history2 content",1
"hit 2",1
"hit belarus",1
"hit real",1
"hits 2021",1
"hobbiessleeping weeks",1
"holders bitcoin",1
"holding 100",1
"holding account",1
"holding bitcoin",1
"holding buying",1
"holding til",1
"holds bitcoin",1
"holds gains",1
"holiday pics",1
"home due",1
"honest bitcoin",1
"hopium pray",1
"horizon dismisses",1
"horizon market",1
"hornets rise",1
"horrible form",1
"hoskinson stresses",1
"hosting facility",1
"hot air",1
"hotbit bscgem",1
"hour low",1
"hour price",1
"hours 24",1
"house blockchain",1
"house reviews",1
"housewives cast",1
"hsbc steers",1
"huge benefit",1
"huge brand",1
"huge gains",1
"huge run",1
"hugely impressed",1
"hugely influential",1
"human mind",1
"human potential",1
"humanity bitcoin",1
"humbl humblfinancial",1
"humblfinancial otcstocks",1
"hurdles major",1
"husband's service",1
"hyperbtcization isn",1
"hyperinflationary trajectory",1
"icahn cuz",1
"ice lines",1
"ico scam",1
"icx cel",1
"idea congratulations",1
"idea makes",1
"identity moreso",1
"ido hotbit",1
"ignore denmark",1
"iifi nii",1
"illegal bitcoin",1
"illegal cash",1
"immaculate conception",1
"immediately checking",1
"immune system",1
"immutable data",1
"imo ",1
"imo ethereum",1
"impacting price",1
"impossible ark",1
"improve returns",1
"improving ethereum",1
"incentive structure",1
"incentives structure",1
"inch ethereum",1
"inching upwards",1
"include built",1
"includes strategic",1
"including hashcow",1
"including relative",1
"increase consumption",1
"increased adoption",1
"increasing volatility",1
"increasingly stronger",1
"incredible inventors",1
"incredible venture",1
"indecision share",1
"indian crypto",1
"indian firm",1
"indian govt",1
"individual choice",1
"induced silicon",1
"industrial average",1
"industry nigeria",1
"industry pros",1
"indy500 bitcoin",1
"inefficient database",1
"infamous bitcoin",1
"infinite joy",1
"infinite universe",1
"inflation bites",1
"inflation created",1
"inflation doesn",1
"inflation listen",1
"inflation usdtry",1
"influence pretty",1
"influential players",1
"info pack",1
"information bitcoin",1
"informative interview",1
"infringes individual",1
"initial fine",1
"initial strong",1
"initiatives world",1
"ink betfurysuccess",1
"innovation technology",1
"innovative approach",1
"innovative idea",1
"innovative project",1
"innovative solutions",1
"insane bitcoin",1
"inspiring positive",1
"institutions average",1
"integrated ventures",1
"intellectual property",1
"intelligence authority",1
"intensive process",1
"intentionally design",1
"internal accounts",1
"internet fax",1
"internet frauster",1
"internetmass adoption",1
"interview investing",1
"interview worth",1
"introduced futures",1
"introduces flashbot",1
"invented laser",1
"inventors tesla's",1
"inverted analysts",1
"invest trading",1
"investing cryptocurrency",1
"investing gameplaninvesting",1
"investing litecoin",1
"investing usa",1
"investment giveaway",1
"investment investing",1
"investment money",1
"investment products",1
"investment profits",1
"investment research",1
"investment startup",1
"investments kindly",1
"investor success",1
"investors etfs",1
"investors yanked",1
"iq ",1
"iran president",1
"iranian cities",1
"issues esg",1
"issues related",1
"italy trading",1
"items inside",1
"iv flips",1
"ivory towers",1
"jaate han",1
"jam packed",1
"jamie dimons",1
"jan 2021",1
"japan's central",1
"japan blockchain",1
"jared polis",1
"jerk oppose",1
"jimcramer flaunts",1
"job bigwin",1
"jobdoes mining",1
"jobless claims",1
"jobs data",1
"joe blogs",1
"join guys",1
"join guyspresale",1
"join millions",1
"join transaction",1
"jones bitcoin",1
"jones industrial",1
"josh enomoto",1
"journal elon",1
"kapzz kapzztoken",1
"kar jaate",1
"kashmea wahi",1
"keeping em",1
"keje grills",1
"key management",1
"key resistance",1
"kidding crypto",1
"kids cbdc",1
"kiosk location",1
"kisi bhi",1
"kndi solo",1
"knee jerk",1
"knight satellite",1
"knot bsc",1
"knowledge knowledge",1
"knowledge level",1
"knowledge success",1
"knownews bitcoin",1
"korea seeks",1
"krueger effect",1
"kusama network",1
"kusama polkadot",1
"kusama whitelist",1
"kyc delegationassistance",1
"lab leak",1
"lack assets",1
"lame bish",1
"lame bitcoin",1
"larger percentage",1
"largest bitcoin",1
"largest digital",1
"largest megacorpo",1
"late tech",1
"launch defi",1
"launches chia",1
"launching token",1
"laureate robert",1
"lawrencium xlwtoken",1
"layer 0",1
"layer 2",1
"layer2 l3",1
"layered bids",1
"lazy algos",1
"lby coin",1
"lby libonomy",1
"leading cryptocurrencies",1
"leading cryptos",1
"leading north",1
"leaked goldman",1
"learn quickly",1
"leary expects",1
"leave wide",1
"leaving bethesda",1
"ledger algorithm",1
"ledger forever",1
"ledger verifies",1
"legal tender",1
"legally accept",1
"legit game",1
"legitimate asset",1
"lehman brothers",1
"lemonade stand",1
"lending model",1
"lending platform",1
"lending trading",1
"level view",1
"leveraged business",1
"levin vp",1
"liberatarian fantasy",1
"libonomy crypto",1
"libor rigging",1
"life bitcoin",1
"life pass",1
"life stress",1
"lifestyle entrepreneur",1
"lifestyle residualincome",1
"lifetime hodl",1
"light blue",1
"light minutes",1
"light trading",1
"lightning liquid",1
"lightning network",1
"limited capabilities",1
"limited supply",1
"line ",1
"line bitcoin",1
"line btc",1
"line inboundlike",1
"link bitcoin",1
"link chainlink",1
"link link",1
"link love",1
"links affiliatemarketing",1
"liquid sovryn",1
"lira banknote",1
"listed impatiently",1
"listen dummy",1
"listeners music",1
"litecoin 2",1
"litecoin crypto",1
"litecoin cryptocurrencies",1
"litecoin eth",1
"literally pay",1
"literally utilized",1
"literally wouldn",1
"live ",1
"live bets",1
"live shot",1
"live skype",1
"live whistleblower",1
"lives sideways",1
"lmao proof",1
"loans system",1
"local news",1
"loco video",1
"locomotive deep",1
"lol btc",1
"lol typical",1
"lolusing bitcoin",1
"london england",1
"london topic",1
"longed 5",1
"looked ",1
"lord reach",1
"lordstown motors",1
"lose angel",1
"lose influence",1
"lose toopeople",1
"losing market",1
"losing money",1
"lost amp",1
"lost steam",1
"love cardano",1
"love food",1
"love football",1
"love mainstream",1
"love ttnex",1
"loves bsc",1
"low 35",1
"low knowledge",1
"lows pit",1
"lp token",1
"lse arb",1
"lt bitcoin",1
"ltc bch",1
"ltc uni",1
"luck alwaysairdrops",1
"luck sir",1
"lumens xlm",1
"lunos price",1
"luxury investing",1
"m2 increased",1
"m2 money",1
"macgyver s04e09",1
"machine caliber",1
"macro bullish",1
"macro data",1
"macro view",1
"mafia corrupt",1
"maga forthepeople",1
"main advantage",1
"main barrier",1
"main rule",1
"mainframe news",1
"mainstream investment",1
"maintain 37",1
"major benchmark",1
"major bitcoin",1
"major boost",1
"major cryptocurrencies",1
"major cryptos",1
"major downside",1
"major issue",1
"major national",1
"major red",1
"major spike",1
"major uphill",1
"makemoney earnmoney",1
"maker drones",1
"makes complete",1
"malicious intent",1
"management basics",1
"management secrets",1
"management solution",1
"management tool",1
"manchester united",1
"manipulate bitcoin",1
"manipulated 90",1
"manipulation occurringcrypto",1
"manipulation plausible",1
"manipulations inflation",1
"mankind bill",1
"mans suit",1
"march 2020",1
"marco market",1
"marcusrashford bitcoin",1
"margin bets",1
"margin effect",1
"marius kramercrypto",1
"mark cuban",1
"markcuban dogecoin",1
"market binance",1
"market bitcoin",1
"market bottom",1
"market cap",1
"market capitalization",1
"market collapse",1
"market conditions",1
"market cryptocurrency",1
"market doesn",1
"market implying",1
"market manipulations",1
"market maven",1
"market news",1
"market roller",1
"market share",1
"market shiller",1
"market slump",1
"market stayingbullish",1
"market structure",1
"market top",1
"marketingsolutions attractcustomers",1
"marketmanipulation fud",1
"markets insider",1
"markets news",1
"markets revenue",1
"married couples",1
"marries equities",1
"mass destruction",1
"massive bitcoin",1
"massive black",1
"massive momentum",1
"massive print",1
"massive rebound",1
"massive scholarship",1
"massive upside",1
"mastermind podcast",1
"materiality amp",1
"matic markcuban",1
"matic matic",1
"matter earlier",1
"mavericks mark",1
"maxi bitcoin",1
"maxi friendly",1
"maximalism antifa",1
"maximum capacity",1
"maximum drawdowns",1
"maxis attitude",1
"maxis dismiss",1
"maxis favorite",1
"maxis realize",1
"mdm bitcoin",1
"means 1",1
"means table",1
"meanstream media",1
"meant bitcoin",1
"meant defi",1
"measure bitcoin's",1
"measure dollars",1
"measuring device",1
"media bitcoin",1
"media companies",1
"media dissuade",1
"meet imersion",1
"memes bitcoin",1
"mental health",1
"mental horizon",1
"mental masturbation",1
"mental tax",1
"mentioned levelslosing",1
"mertium finance",1
"messaging maga",1
"meta levels",1
"meteoric growth",1
"metis bitcoin",1
"metric tons",1
"miami cryptonews",1
"miami weather",1
"miamiweather local",1
"microsoft btc",1
"microsoft windows",1
"mid atlantic",1
"middleman blockchain",1
"milestone 10000coinslisting",1
"millennia mate",1
"millino bucks",1
"million bitcoin",1
"million ether",1
"million fine",1
"million metric",1
"million users",1
"mind boggling",1
"mind folks",1
"mind josh",1
"mine bitcoin",1
"mined bitcoin",1
"mined block",1
"miner induced",1
"miners amaaaaaaazing",1
"miners bond",1
"miners halt",1
"miners including",1
"miners move",1
"miners unlike",1
"ming dynasty",1
"mini shiba",1
"minimizes wasteful",1
"mining ",1
"mining amp",1
"mining cartel",1
"mining climate",1
"mining ethereum",1
"mining experience",1
"mining genesis",1
"mining microsoft",1
"mining musk",1
"mining operating",1
"mining priority",1
"minings environmental",1
"minute live",1
"minuteman food",1
"minutes bitcoin",1
"misguided central",1
"misinformation facebook",1
"miss shibacash",1
"miss tonight's",1
"missed shibainu",1
"missing btc",1
"mitchi hudson",1
"mlmsuccess workfromhome",1
"mmt qe",1
"mn customers",1
"model ",1
"modern science's",1
"modest gains",1
"moment reading",1
"momentum suggests",1
"monetary system",1
"money amp",1
"money bitcoin",1
"money crypto",1
"money invest",1
"money mlmsuccess",1
"money ness",1
"money promoting",1
"money stack",1
"money supply",1
"money takers",1
"money trading",1
"money worthless",1
"monica eaton",1
"moning farmmining",1
"month ago",1
"month bitcoin",1
"month correction",1
"month double",1
"month notice",1
"monthly burn",1
"monthly m2",1
"months ago",1
"months worst",1
"moon airdrop",1
"moon bsc",1
"morning ",1
"morning 5",1
"morning apes",1
"morning bitcoini",1
"morning stacksats",1
"morphis cryptokiosk",1
"mortgages buying",1
"motivation business",1
"motivation networking",1
"motivation trader",1
"motors nvidia",1
"move mining",1
"move poorly",1
"moving average",1
"mph balls",1
"muh chinese",1
"multi chain",1
"multi month",1
"multifold return",1
"music distribution",1
"musk bought",1
"musk explains",1
"musk guess",1
"musk makes",1
"musk saylor",1
"musk talks",1
"mutate git",1
"myths raise",1
"naked poc",1
"names ripple",1
"nasdaq composite",1
"national cemetery",1
"national economy",1
"native cryptocurrency",1
"natural gasread",1
"naturalgas cryptocurrency",1
"navy queen",1
"nba's dallas",1
"nc buy",1
"necessarily worth",1
"negative externalities",1
"negative impact",1
"negative news",1
"network bitcoin",1
"network directly",1
"network green",1
"network project",1
"networking lifestyle",1
"neutral btc",1
"news banking",1
"news cnbc",1
"news crypto",1
"news daily",1
"news elon",1
"news ethereum",1
"news finance",1
"news financial",1
"news fintech",1
"news info",1
"news live",1
"news markets",1
"news news1",1
"news originally",1
"news stories",1
"news website",1
"news wrap",1
"nexo alphabet",1
"nextdetails amp",1
"nfl inch",1
"nft altcoin",1
"nft decentralized",1
"nftart nftcommunity",1
"nftartists altcoins",1
"nftcollector nftcollectors",1
"nftcollectors nftartists",1
"nftcommunity humbl",1
"nftcommunity nftcollector",1
"nfts eth",1
"nfts etx",1
"ngmi btc",1
"ngu amirite",1
"nice morning",1
"nice profit",1
"nice team",1
"nigeria cbn",1
"nigeria governor",1
"nigeria presidency",1
"night unuse",1
"nii niifi",1
"niifi eth",1
"nikola tesla",1
"ninja dash",1
"nobel laureate",1
"nocoiner attacks",1
"nocoiner friends",1
"node amp",1
"node runner",1
"nodes developping",1
"noise psych",1
"nonsense buy",1
"noob thread",1
"nope defi",1
"normal cycle",1
"normal distribution",1
"normal kids",1
"normal market",1
"normalize cartels",1
"normalized means",1
"norris bitcoin",1
"north america",1
"north american",1
"notable examples",1
"notable milestone",1
"nov 2016",1
"nuclear city",1
"nuclear initiatives",1
"nuclear power",1
"nudge letting",1
"nvidia bitcoin",1
"nyc crypto",1
"occurringcrypto bitcoin",1
"ofac uncompliant",1
"offenders blacklisted",1
"offers defi",1
"offers updates",1
"officials blame",1
"oil drillers",1
"om clpt",1
"omnichanel daily",1
"oneplus founder",1
"online shop",1
"onlinecasino bitcoin",1
"oooooon xd",1
"operating expenses",1
"operations internally",1
"opportunity applications",1
"option bitcoin",1
"option left",1
"option months",1
"option trade",1
"oracle highly",1
"orchestratedcrash media",1
"organic demand",1
"organicfarming entrepreneur",1
"organicfood organicfarming",1
"organisations prevents",1
"original designer",1
"originally funded",1
"originally posted",1
"otc nfts",1
"otcstocks blockchain",1
"outperform bitcoin",1
"overcome 40k",1
"overseer bitcoin",1
"overtake governments",1
"paints 15",1
"pairs looked",1
"pancakeswap aipichain",1
"pancakeswap ido",1
"pancakeswap nftart",1
"pancakeswap tg",1
"pancakeswap uniswap",1
"pandemic outbreak",1
"panic bloomberg's",1
"panic buy",1
"pants sagging",1
"parachain bringing",1
"paradigm shift",1
"parasitic fiat",1
"party dm",1
"party regulation",1
"party trust",1
"pass codes",1
"passengers buckle",1
"past earlier",1
"past fortunately",1
"pat piffy",1
"patient bitcoin",1
"pattern playing",1
"pay capital",1
"pay people",1
"pay royalty",1
"pay tax",1
"paying attention",1
"payment method",1
"payment option",1
"payments gateways",1
"payments pay",1
"paypal bitcoin",1
"paypal earnings",1
"pc app",1
"peaceful weapon",1
"peak madness",1
"peer transfer",1
"pena claims",1
"penalty amount",1
"pending bitcoin",1
"pension plan",1
"people bitcoin",1
"people cosplaying",1
"people crypto",1
"people invest",1
"people lol",1
"people noticed",1
"people pretend",1
"people reached",1
"people running",1
"people shit",1
"people spending",1
"people stay",1
"people thinking",1
"people waking",1
"percentage gains",1
"perfect hiding",1
"perfect time",1
"perfectly sufficient",1
"performance ",1
"performance layer",1
"permission network",1
"permissioned centralized",1
"person morphis",1
"personal experience",1
"peter bitcoin",1
"phase amp",1
"phone app",1
"phone sideways",1
"photooftheday luxury",1
"pi 24",1
"pic molly",1
"piffy wing",1
"pilot program",1
"pinterest shoppingstar",1
"pipeflare free",1
"pipeline attack",1
"pit pat",1
"pitty cbbi",1
"pity 60",1
"pizza day",1
"pizza guy",1
"pizza sounded",1
"planets fiat",1
"planting fud",1
"plastic blillions",1
"platform offers",1
"platform platformsoku",1
"platform reliable",1
"platform thnku",1
"platforms anymore",1
"platformsoku sokuswap",1
"plausible bitcoin",1
"plausible theory",1
"players structurally",1
"playing tug",1
"playstation 5",1
"playstation ps5",1
"plebpool mining",1
"plo polkadot",1
"plo whitelist",1
"poc dotted",1
"poc support",1
"podcast discussing",1
"pointless bitcoin's",1
"police bitcoin",1
"policy bitcoin",1
"politicians terrorists",1
"polkadot avalanche",1
"polygon alchemist",1
"poor substitute",1
"poorly executed",1
"popcorn enjoy",1
"popular cryptocurrency",1
"popular stablecoin",1
"portfolio bitcoinbinancecryptocurrency",1
"pos blockchain",1
"position bitcoin",1
"position enjoy",1
"positive bull",1
"positive catalysts",1
"positive interviews",1
"positive peter",1
"positive vibes",1
"post china",1
"post hsbc",1
"post hungary",1
"post oneplus",1
"post opinion",1
"post pwc",1
"post shark",1
"post south",1
"potential effects",1
"potential free",1
"potential project",1
"potentialorganic organicfood",1
"potter videos",1
"pound edges",1
"pounds worth",1
"pow blockchains",1
"power consumption",1
"powered dex",1
"powerful crypto",1
"powwow 20",1
"ppl buy",1
"ppls true",1
"precious dollars",1
"predator drones",1
"predict movements",1
"prediction algorithm",1
"prediction europa",1
"predictions bitcoin",1
"preference gambler",1
"prefers dogecoin",1
"premine satoshi",1
"prep service",1
"presale staking",1
"presidency investment",1
"prestige ego",1
"pretty confident",1
"pretty fast",1
"pretty woman",1
"prevents fraud",1
"previous bull",1
"price ",1
"price 36",1
"price 37",1
"price 39",1
"price crash",1
"price crashes",1
"price dives",1
"price falls",1
"price hits",1
"price jelurida",1
"price move",1
"price movement",1
"price moving",1
"price news",1
"price sharply",1
"price shouldn",1
"price swings",1
"price tag",1
"price volatility",1
"price won",1
"prices tumble",1
"primary cryptocurrency",1
"prime brokerage",1
"principal cash",1
"print 163",1
"priority 1",1
"private key",1
"privateeach bitcoin",1
"privatesale bitcoin",1
"pro bitcoin",1
"proceed bitcoin",1
"processes bitcoin",1
"prof taleb",1
"professional team",1
"professional traders",1
"profit engine",1
"profit taking",1
"profitable bootstrap",1
"profitable short",1
"programmed bitcoin",1
"programs links",1
"project bigwin",1
"project blockchain",1
"project brings",1
"project bsc",1
"project cryptocurrency",1
"project diesel",1
"project dude",1
"project ido",1
"project nice",1
"project reaches",1
"projectcoinmarketcap crypto",1
"projected ath",1
"projectftv futurov",1
"projectgasekncuy airdrop",1
"projects follow",1
"projects ranking",1
"promising project",1
"promote energy",1
"promote transparency",1
"promotes scamcoinery",1
"promoting favorite",1
"prop doesn",1
"proper statement",1
"property brand",1
"property nft",1
"property projects",1
"pros stopped",1
"protect stacksats",1
"protocol bitcoin",1
"protocol limits",1
"provide advanced",1
"provide security",1
"ps5 xxxnifty",1
"psychological 40k",1
"public blockchain",1
"public suddenly",1
"publicationsgo fuck",1
"puffing hopium",1
"pump amp",1
"pumped institutional",1
"pumping bitcoin",1
"purchase mileage",1
"pure pos",1
"purely hypothetical",1
"purely technical",1
"purple line",1
"purses distant",1
"putting thems",1
"pwc survey",1
"qtum xfund",1
"quarter european",1
"quash cryptocurrency",1
"question esg",1
"quick lawrencium",1
"quickly escape",1
"quote dailyinvest",1
"rabbit hole",1
"rage quit",1
"rahan betfurysuccess",1
"raise awareness",1
"rampant speculation",1
"random normal",1
"random pleb",1
"range bound",1
"range rover",1
"ransom issues",1
"rapidly failing",1
"ratesmocktailfinance mocktailswap",1
"ration buy",1
"ray dalio",1
"reach 1",1
"reached meta",1
"read article",1
"read negative",1
"read senior",1
"read thread",1
"read white",1
"reading learning",1
"real bitcoin",1
"real defi",1
"real estate",1
"real hope",1
"real housewives",1
"real market",1
"real person",1
"real shits",1
"real world",1
"realestate financialfreedom",1
"realistic dollar",1
"reasonable branch",1
"reasonable explanation",1
"reasons bitcoin",1
"reasons illicit",1
"recalling levels",1
"receive 10",1
"received ether",1
"recent article",1
"recent chat",1
"recent favorite",1
"recent partnership",1
"recent statements",1
"recent volatility",1
"recent week",1
"recently cryptocurrency",1
"recently found",1
"recently started",1
"reclaim procedurehold",1
"recognize major",1
"red flag",1
"red line",1
"reddit ethereum",1
"reduce carbon",1
"reduce heat",1
"reduce mining",1
"reef qtum",1
"referral cashback",1
"refinitiv announces",1
"region btc",1
"region china's",1
"regular currencies",1
"regulation bitcoin",1
"regulator updated",1
"regulators bro",1
"regulators signaled",1
"regulatory fixation",1
"regulatory framework",1
"regulatory gamesmanship",1
"regulatory scrutiny",1
"related coins",1
"relative compared",1
"relative terms",1
"relative tweet",1
"released sunday",1
"relevance rapidly",1
"reliable idea",1
"reliably tracking",1
"religion bitcoin",1
"remarkable strenght",1
"remember kids",1
"remember microsoft",1
"ren bitcoin",1
"renewable composition",1
"renews attack",1
"replace bitcoin",1
"replaces fiat",1
"request solana",1
"research lady",1
"researching buddy",1
"residence permits",1
"residualincome forex",1
"resistance decentralization",1
"resistance nowlike",1
"resolvable decentralized",1
"resource rich",1
"resources lmao",1
"responsibility accountability",1
"retain control",1
"return correct",1
"returned 4",1
"revealed ppls",1
"revenue bitcoin",1
"revenue generated",1
"review ready",1
"reviews ",1
"reviews 28",1
"reward shibshibcoincluclucoindogedogecoinethethereumbtcbitcoinadacardano",1
"rich bitcoin",1
"rich commons",1
"rich people",1
"rich quick",1
"rich richer",1
"richard levin",1
"riksbank prize",1
"ripple top",1
"rises 1",1
"rises governments",1
"rising btc",1
"risk adjusted",1
"risk appetite",1
"risk free",1
"risk ranges",1
"risk reward",1
"rnva finance",1
"robert shiller",1
"robloxtoy robloxtoycode",1
"robloxtoycode robloxtoycodes",1
"rock buy",1
"roi nigeria",1
"roller coaster",1
"rory cellan",1
"rose 100",1
"rose bsc",1
"ross stevens",1
"rover worth",1
"roy indy500",1
"rsk stx",1
"rsr avax",1
"rule bitcoin",1
"rule exemption",1
"rules cashless",1
"ruling class",1
"rune blsp",1
"runner council",1
"running gtv",1
"ruthless pump",1
"ryan taylora",1
"s04e09 wargamed",1
"sachs prediction",1
"safe moon",1
"safemoon dot",1
"safemoon safemoonarmy",1
"safemoonarmy safemoonwallet",1
"safemooncommunity bitcoin",1
"safemoonwallet safemooncommunity",1
"safenebula bsc",1
"safu network",1
"safu token",1
"sakuswap platform",1
"sale discord",1
"sale worth",1
"satellite learnearn",1
"sathvik unfold",1
"satoshi nakamoto",1
"sats daily",1
"sats start",1
"saylor securitytoken",1
"scale 3",1
"scale globally",1
"scaling dilemma",1
"scam buy",1
"scams people",1
"scare tactics",1
"scene dogecoinapple",1
"scholarship offers",1
"scientific research",1
"scooping profits",1
"scored 162",1
"scott minerd",1
"scum bags",1
"search results",1
"searching forward",1
"sec chairman",1
"sec chmn",1
"secure home",1
"securitytoken sto",1
"securitytokens digitalsecurities",1
"seeks tech",1
"selfless act",1
"sell 100",1
"sell anytime",1
"sell bitcoin",1
"selling ada",1
"selling cryptocurrencies",1
"selling navy",1
"selling pressure",1
"senior fellow",1
"sense bitcoin",1
"sentence talk",1
"service ",1
"service calls",1
"services michael",1
"services platform",1
"services users",1
"serving 1",1
"set airdrops",1
"settlement layer",1
"settling debts",1
"severe downside",1
"severe lack",1
"sexy fucks",1
"shakes market",1
"share holiday",1
"sharia firstlady",1
"shawn wilkinson",1
"shibacash 15",1
"shibainu dont",1
"shiller discussed",1
"shiller won",1
"shiny rock",1
"shit coins",1
"shit drivers",1
"shit joe",1
"shitcoins produce",1
"shitcoins rsk",1
"shitcoins talk",1
"shitty platitudes",1
"shopping travel",1
"shoppingstar dogecoin",1
"short position",1
"short run",1
"short time",1
"shortage microsoft",1
"shortened considerably",1
"shorting amzn",1
"shortsqueeze coinbase",1
"shoulder formation",1
"signals coming",1
"significance bitcoin",1
"significantly increasing",1
"signing privately",1
"sika bsc",1
"sikarulnu sika",1
"silicon shortage",1
"silver bitcoin",1
"silver icx",1
"simple ",1
"simple daily",1
"simple moving",1
"simple questions",1
"simpletip humans",1
"simply die",1
"sincere question",1
"single central",1
"single click",1
"single digit",1
"single month",1
"single person",1
"single time",1
"sir airdrop",1
"sirbc1qx493txxm7r6crf2xau6mmfcteydvfdxjudcj96really hope",1
"sit home",1
"skype interview",1
"slaying heroes",1
"sleeve designs",1
"slippery slope",1
"slow bitcoin",1
"slow database",1
"slumped 7",1
"smart chain",1
"smart contract",1
"smart contractsso",1
"smart guy",1
"smart money",1
"smart people",1
"smart project",1
"smash 40k",1
"smh idiots",1
"snb safenebula",1
"snobby voice",1
"social amp",1
"social media",1
"social mobility",1
"social networking",1
"soku sokuswap",1
"solana bitcoin",1
"solar gt",1
"solid late",1
"solid morning",1
"solid project",1
"solid store",1
"solution buy",1
"solution read",1
"solutions rely",1
"solvency usdt",1
"someone's allowed",1
"sony 2021",1
"soulja boys",1
"sound mathematics",1
"sounded familiar",1
"source protocol",1
"sov eth",1
"sovereign individuals",1
"sovryn liquid",1
"space noting",1
"spark learnearn",1
"specific chains",1
"specific simple",1
"specifically coupled",1
"speculative fad",1
"spend 100",1
"spending budget",1
"spillovers cheap",1
"sportsbookeuropa league",1
"spx golden",1
"squandered 365m",1
"square crypto",1
"stable coins",1
"stable lowering",1
"stable protocol",1
"stablecoin solvency",1
"stack 11",1
"stack accepting",1
"stack hard",1
"stacking free",1
"stackingsats getdembits",1
"staff conviniently",1
"staking bitcoin",1
"standard materialism",1
"standard script",1
"start accepting",1
"start investing",1
"start people",1
"start stackingsats",1
"started bagging",1
"started tuesday",1
"starting march",1
"starts screaming",1
"startup marketing",1
"startup ventures",1
"startups playing",1
"stay bulish",1
"stay poor",1
"stay read",1
"stayingbullish bitcoin",1
"stead income",1
"stealing energy",1
"steam accepting",1
"steam locomotive",1
"steep decline",1
"stellar lumens",1
"step ahead",1
"step change",1
"steve lee",1
"stevens bitcoin",1
"stimulus check",1
"sto securitytokens",1
"stock market",1
"stock markets",1
"stockmarket finance",1
"stocks push",1
"stocks realestate",1
"stoicism helps",1
"stolen power",1
"stolen thousands",1
"stop arbitrary",1
"stop bitcoin",1
"stop letting",1
"stop serving",1
"storage service",1
"store bitcoin",1
"store chain",1
"store giant",1
"stories eh",1
"story dbs",1
"strategic fud",1
"stream live",1
"street journal",1
"street types",1
"strength weakness",1
"stress test",1
"strictly rivalrous",1
"strippers ergo",1
"strong reaction",1
"strong real",1
"structurally short",1
"stuffiest suit",1
"stupid bitcoin",1
"stupid memes",1
"stx sovryn",1
"subreddits arecryptocurrency",1
"subtle dogecoin",1
"subtle nudge",1
"success crypto",1
"success information",1
"success italy",1
"success motivation",1
"success read",1
"success sir",1
"success story",1
"successful attacks",1
"successful mocktailfinance",1
"successful projectftv",1
"successful soku",1
"suddenly understands",1
"suffered inflation",1
"suit ratio",1
"sunday 23",1
"sunday btc",1
"sunday consecutively",1
"sunday nobel",1
"super bullish",1
"super computer",1
"super cycle",1
"super excited",1
"superbloodmoon btc",1
"supercycle confirmed",1
"superficial consumerism",1
"supply model",1
"support layered",1
"support resistance",1
"support smart",1
"supreme leaderimagine",1
"surface level",1
"surprise call",1
"survey bitcoin",1
"survive ofc",1
"suspected internet",1
"sustainable energy",1
"sustainable profits",1
"sveriges riksbank",1
"swapping platform",1
"swing support",1
"swings ahead",1
"system bitcoin",1
"ta guys",1
"tab scroll",1
"takeoff 8",1
"takesaccept btc",1
"taleb saylor",1
"talebite contra",1
"talk shit",1
"tank institute",1
"tank star",1
"tawking abt",1
"tax accounting",1
"tax compliance",1
"tax prep",1
"tax season",1
"taxes unclear",1
"team airdrop",1
"tech earnings",1
"tech fans",1
"tech heavy",1
"tech partner",1
"technical analysis",1
"technical based",1
"technical information",1
"technology blockchain",1
"technology cbdc",1
"telling people",1
"temporal axis",1
"term buys",1
"term growth3",1
"term investment",1
"term lots",1
"term underlying",1
"terrible acab",1
"terribly inefficient",1
"terrorists gun",1
"tesla's 1",1
"tesla's children",1
"tesla ",1
"tesla accept",1
"tesla discovered",1
"tesla film",1
"test 35",1
"test drive",1
"test education",1
"test knowledge",1
"tested update",1
"tether usdt",1
"tg website",1
"thebitcoin standard",1
"thedailyforkast crypto",1
"thems read",1
"thingor ngu",1
"thinking capitalism",1
"thinkplebs hodl",1
"thread explaining",1
"thursday close",1
"tidy profit",1
"tie snobby",1
"tiger's tail",1
"tight grasp",1
"tighten regulation",1
"til moon",1
"time based",1
"time bitcoin",1
"time bitcoiners",1
"time dismissing",1
"time ethereum",1
"time finding",1
"time frame",1
"time management",1
"time people",1
"time preference",1
"time theft",1
"titanexchange exchange",1
"today's rate",1
"today's thedailyforkast",1
"today's video",1
"todaythe wall",1
"token build",1
"token pre",1
"token safu",1
"token success",1
"told coin",1
"tom lee",1
"tonight's powwow",1
"tool register",1
"top 100",1
"top 50",1
"top bag",1
"top channel",1
"top drone",1
"top leading",1
"top news",1
"top story",1
"top tax",1
"top universities",1
"total annualized",1
"total volume",1
"totalitarian regimes",1
"totally agree",1
"tracking exchanges",1
"trade 100",1
"trade intraweek",1
"trade trading",1
"trade wisely",1
"trade zone",1
"traded fund",1
"traders brace",1
"traders break",1
"tradersroom web",1
"trading ",1
"trading bitcoinmining",1
"trading coin",1
"trading crypto",1
"trading cryptotrading",1
"trading hammering",1
"trading pairs",1
"trading spotlight",1
"trading visit",1
"trading volumes",1
"tradingview chart",1
"traditional portfolio",1
"training day",1
"transaction confirms",1
"transferring wealth",1
"transparency bitcoin",1
"travel business",1
"travel complications",1
"travel gold",1
"travel social",1
"travel transformation",1
"treasury management",1
"treating bitcoin",1
"trend line",1
"trillion crypto",1
"trillion federal",1
"tron btt",1
"trucks amp",1
"true btc",1
"true defi",1
"true nature",1
"true origins",1
"true sound",1
"trump era",1
"trump truth",1
"trump2021 bitcoin",1
"trust security",1
"trust stfu",1
"truth republicans",1
"tsnp usdt",1
"ttnex debit",1
"ttnex ttnexdebitcards",1
"ttnexdebitcards titanexchange",1
"tudamoon crypto",1
"turbulent month",1
"turkish lira",1
"tv gt",1
"tweet shitty",1
"tweet volume",1
"tweets yahoo",1
"twitter account",1
"twitter insists",1
"types hot",1
"typical bitcoin",1
"typically talking",1
"uk banned",1
"ultimate goal",1
"ultimate mining",1
"una carneficina",1
"unbelievable ignorance",1
"unchanged macro",1
"unclear coinmarketcap",1
"uncompliant bitcoin",1
"underground bitcoin",1
"underground playbook",1
"underlying global",1
"underlying tech",1
"understand colonial",1
"understand eth",1
"understand lmfao",1
"understands bitcoin",1
"undertaking brilliant",1
"undervalued midcap",1
"undisclosed amount",1
"uneducated bitcoin",1
"unelected people",1
"unexpected travel",1
"uni crypto",1
"uni rose",1
"unique aliasing",1
"uniswap pancakeswap",1
"uniswap solana",1
"united prediction",1
"universal currency",1
"universities media",1
"unlike lightning",1
"unlike stablecoins",1
"unnecessary middleman",1
"unocoin india",1
"untalented unpassionate",1
"unuse codeaccept",1
"upcoming ico",1
"update bitcoin",1
"upgrade ",1
"uphill climb",1
"upper red",1
"upside decentralized",1
"upward volatility",1
"upwards slowly",1
"usa lifestyle",1
"usa trump2021",1
"usa vacation",1
"usd falling",1
"usdc attestations",1
"usdt bitcoin",1
"usdtry lira",1
"user account",1
"user285344 betfurysuccess",1
"user618365 betfurysuccess",1
"user620541 betfurysuccess",1
"username ink",1
"username jakeestrada",1
"username rahan",1
"username user285344",1
"username user618365",1
"username user620541",1
"users collectively",1
"usual eth",1
"utilized 8",1
"utk highly",1
"utxo transferable",1
"valuable property",1
"valuing projects",1
"vanilla ice",1
"vanishes bitcoin",1
"vast sea",1
"vc promises",1
"ve absorbed",1
"ve encountered",1
"ve refrained",1
"vechain vefam",1
"vefam bitcoin",1
"vegan bitcoin",1
"venture unocoin",1
"ventures launches",1
"venus captain",1
"verifing bitcoin",1
"vet vechain",1
"vibrant resource",1
"vice versa",1
"victormoses zidane",1
"video evidence",1
"video review",1
"villarreal europaleaguefinal",1
"virtuous circle",1
"visa versa",1
"visit mertium",1
"visuals stay",1
"vol 7",1
"volatile markets",1
"volatility hits",1
"volume trading",1
"voyager download",1
"w'll stay",1
"wall growing",1
"wallet address",1
"wallet pass",1
"wallets created",1
"wallets flop",1
"waqt crash",1
"war destruction",1
"wash rule",1
"waste time",1
"wasted energy",1
"wasteful spending",1
"watch people",1
"waterloo entrepreneur",1
"weak rejection",1
"weakly trending",1
"wealth cryptocurrency",1
"web based",1
"web3 internetofvalue",1
"web3start trading",1
"website footballstars",1
"website makemoney",1
"wednesday hovering",1
"week's sell",1
"weird mood",1
"weiss ceo",1
"wellin normal",1
"west midlands",1
"whale day",1
"whale night",1
"whale pass",1
"whales manipulation",1
"whalesthey literally",1
"wheel win",1
"whinstone built",1
"whistleblower joins",1
"white house",1
"white paper",1
"whitelist participants",1
"wide berth",1
"widely discussed",1
"wider bloomberg",1
"wild price",1
"wild week",1
"win 50",1
"wing wong",1
"winning strategy",1
"wise words",1
"wishful thinking",1
"wkhs nexo",1
"wmt rsr",1
"wonderful opportunity",1
"wonderful project",1
"wong wang",1
"workfromhome marketing",1
"world's biggest",1
"world's crypto",1
"world's energy",1
"world's top",1
"world book",1
"world countries",1
"world news",1
"world wide",1
"worlds capital",1
"worldwide asset",1
"worst bitcoin",1
"worst jk",1
"worst performance",1
"worth 99p",1
"worth approximately",1
"worth n44million",1
"worth paying",1
"worth sharing",1
"worth valuing",1
"worthwhile project",1
"wrap pound",1
"write papers",1
"wrong move",1
"wrong route",1
"wyckoff accumulation",1
"wyckoff phase",1
"xbizxxxnifty crypto",1
"xep tsnp",1
"xfund om",1
"xlw binance",1
"xlw xlwtoken",1
"xlwtoken lawrenciumtoken",1
"xlwtoken xlw",1
"xrp ada",1
"xrp cnbc",1
"xrp cryptocurrency",1
"xrp xrp",1
"xrpcommunity xrp",1
"xxxnifty xbizxxxnifty",1
"yahoo finance",1
"yanked 98",1
"yeh bitcoin",1
"yo hands",1
"york times",1
"yous lot",1
"youtube dash",1
"yrsnew tv",1
"zebpay lending",1
"zidane marcusrashford",1
"zone puffing",1
"zwi defi",1
