"word","Date","count"
"bitcoin",2021-06-28,191
"",2021-06-28,75
"crypto",2021-06-28,56
"btc",2021-06-28,29
"ethereum",2021-06-28,26
"cryptocurrency",2021-06-28,23
"buy",2021-06-28,21
"project",2021-06-28,21
"people",2021-06-28,20
"price",2021-06-28,19
"airdrop",2021-06-28,15
"amp",2021-06-28,14
"market",2021-06-28,12
"blockchain",2021-06-28,10
"dogecoin",2021-06-28,10
"time",2021-06-28,10
"airdropstario",2021-06-28,9
"bdf",2021-06-28,9
"bidfever",2021-06-28,9
"exchange",2021-06-28,9
"money",2021-06-28,9
"smart",2021-06-28,9
"binance",2021-06-28,8
"options",2021-06-28,8
"team",2021-06-28,8
"world",2021-06-28,8
"china",2021-06-28,7
"doge",2021-06-28,7
"eth",2021-06-28,7
"future",2021-06-28,7
"bsc",2021-06-28,6
"free",2021-06-28,6
"gold",2021-06-28,6
"mining",2021-06-28,6
"news",2021-06-28,6
"plastic",2021-06-28,6
"ripple",2021-06-28,6
"term",2021-06-28,6
"top",2021-06-28,6
"win",2021-06-28,6
"xrp",2021-06-28,6
"biggest",2021-06-28,5
"breakout",2021-06-28,5
"fiat",2021-06-28,5
"finance",2021-06-28,5
"hope",2021-06-28,5
"internet",2021-06-28,5
"million",2021-06-28,5
"trading",2021-06-28,5
"week",2021-06-28,5
"achieving",2021-06-28,4
"approaches",2021-06-28,4
"burency",2021-06-28,4
"control",2021-06-28,4
"cryptocurrencies",2021-06-28,4
"days",2021-06-28,4
"defi",2021-06-28,4
"exist",2021-06-28,4
"exits",2021-06-28,4
"financial",2021-06-28,4
"freedom",2021-06-28,4
"friendly",2021-06-28,4
"goals",2021-06-28,4
"hard",2021-06-28,4
"huge",2021-06-28,4
"idea",2021-06-28,4
"increase",2021-06-28,4
"innovative",2021-06-28,4
"inside",2021-06-28,4
"inspiration",2021-06-28,4
"live",2021-06-28,4
"lodge",2021-06-28,4
"makes",2021-06-28,4
"network",2021-06-28,4
"operator",2021-06-28,4
"real",2021-06-28,4
"reddit",2021-06-28,4
"reportedly",2021-06-28,4
"scheme",2021-06-28,4
"sell",2021-06-28,4
"short",2021-06-28,4
"stop",2021-06-28,4
"strong",2021-06-28,4
"supply",2021-06-28,4
"update",2021-06-28,4
"users",2021-06-28,4
"ago",2021-06-28,3
"ahead",2021-06-28,3
"base",2021-06-28,3
"billionaire",2021-06-28,3
"bitcoincash",2021-06-28,3
"bitcoinsv",2021-06-28,3
"bnb",2021-06-28,3
"bottom",2021-06-28,3
"car",2021-06-28,3
"cash",2021-06-28,3
"cbdc",2021-06-28,3
"chain",2021-06-28,3
"change",2021-06-28,3
"correlated",2021-06-28,3
"cracks",2021-06-28,3
"data",2021-06-28,3
"death",2021-06-28,3
"digital",2021-06-28,3
"ecash",2021-06-28,3
"environment",2021-06-28,3
"fintech",2021-06-28,3
"fork",2021-06-28,3
"global",2021-06-28,3
"government",2021-06-28,3
"honestly",2021-06-28,3
"humanity",2021-06-28,3
"invest",2021-06-28,3
"investment",2021-06-28,3
"key",2021-06-28,3
"largest",2021-06-28,3
"line",2021-06-28,3
"london",2021-06-28,3
"mexico",2021-06-28,3
"months",2021-06-28,3
"opportunity",2021-06-28,3
"paraguay",2021-06-28,3
"person",2021-06-28,3
"physically",2021-06-28,3
"poor",2021-06-28,3
"positively",2021-06-28,3
"post",2021-06-28,3
"power",2021-06-28,3
"prices",2021-06-28,3
"retake",2021-06-28,3
"run",2021-06-28,3
"salinas",2021-06-28,3
"save",2021-06-28,3
"services",2021-06-28,3
"slowly",2021-06-28,3
"sold",2021-06-28,3
"st",2021-06-28,3
"stacks",2021-06-28,3
"support",2021-06-28,3
"surged",2021-06-28,3
"tandem",2021-06-28,3
"technical",2021-06-28,3
"token",2021-06-28,3
"transaction",2021-06-28,3
"trending",2021-06-28,3
"tron",2021-06-28,3
"truth",2021-06-28,3
"visions",2021-06-28,3
"watch",2021-06-28,3
"words",2021-06-28,3
"xec",2021-06-28,3
"xtz",2021-06-28,3
"absolutely",2021-06-28,2
"accessible",2021-06-28,2
"action",2021-06-28,2
"adopt",2021-06-28,2
"africa",2021-06-28,2
"alive",2021-06-28,2
"american",2021-06-28,2
"annoying",2021-06-28,2
"answer",2021-06-28,2
"asset",2021-06-28,2
"atom",2021-06-28,2
"average",2021-06-28,2
"awesome",2021-06-28,2
"bad",2021-06-28,2
"bank",2021-06-28,2
"based",2021-06-28,2
"bat",2021-06-28,2
"bcha",2021-06-28,2
"belgian",2021-06-28,2
"binancesmartchain",2021-06-28,2
"birthday",2021-06-28,2
"bitcoiner",2021-06-28,2
"block",2021-06-28,2
"blockchainnews",2021-06-28,2
"blockchains",2021-06-28,2
"bought",2021-06-28,2
"brave",2021-06-28,2
"breaking",2021-06-28,2
"broad",2021-06-28,2
"bsv",2021-06-28,2
"building",2021-06-28,2
"bull",2021-06-28,2
"bulls",2021-06-28,2
"cap",2021-06-28,2
"carbontrading",2021-06-28,2
"cardano",2021-06-28,2
"caused",2021-06-28,2
"century",2021-06-28,2
"circulation",2021-06-28,2
"collapse",2021-06-28,2
"college",2021-06-28,2
"community",2021-06-28,2
"compliant",2021-06-28,2
"costs",2021-06-28,2
"couple",2021-06-28,2
"craze",2021-06-28,2
"cryptonews",2021-06-28,2
"cryptotrading",2021-06-28,2
"cryptounderlying",2021-06-28,2
"currency",2021-06-28,2
"current",2021-06-28,2
"dangerous",2021-06-28,2
"dead",2021-06-28,2
"decentralization",2021-06-28,2
"demand",2021-06-28,2
"die",2021-06-28,2
"dogearmy",2021-06-28,2
"don",2021-06-28,2
"dream",2021-06-28,2
"earned",2021-06-28,2
"easy",2021-06-28,2
"economy",2021-06-28,2
"energy",2021-06-28,2
"enjoy",2021-06-28,2
"esg",2021-06-28,2
"europol",2021-06-28,2
"fake",2021-06-28,2
"fall",2021-06-28,2
"family",2021-06-28,2
"fight",2021-06-28,2
"flagship",2021-06-28,2
"forum",2021-06-28,2
"friends",2021-06-28,2
"fun",2021-06-28,2
"gaming",2021-06-28,2
"gpu",2021-06-28,2
"grind",2021-06-28,2
"happy",2021-06-28,2
"hashrate",2021-06-28,2
"heavily",2021-06-28,2
"history",2021-06-28,2
"hold",2021-06-28,2
"ico",2021-06-28,2
"industry",2021-06-28,2
"inspire",2021-06-28,2
"investing",2021-06-28,2
"isn",2021-06-28,2
"jpmorgan",2021-06-28,2
"kids",2021-06-28,2
"late",2021-06-28,2
"legal",2021-06-28,2
"legitimate",2021-06-28,2
"level",2021-06-28,2
"levels",2021-06-28,2
"life",2021-06-28,2
"lose",2021-06-28,2
"loses",2021-06-28,2
"lot",2021-06-28,2
"low",2021-06-28,2
"lows",2021-06-28,2
"lt",2021-06-28,2
"manipulate",2021-06-28,2
"memory",2021-06-28,2
"mentioned",2021-06-28,2
"mexican",2021-06-28,2
"mine",2021-06-28,2
"minutes",2021-06-28,2
"mircea",2021-06-28,2
"month",2021-06-28,2
"move",2021-06-28,2
"nft",2021-06-28,2
"nice",2021-06-28,2
"paintingthetape",2021-06-28,2
"pay",2021-06-28,2
"pha",2021-06-28,2
"plasticbasedunderlying",2021-06-28,2
"plasticfinance",2021-06-28,2
"plasticwaste",2021-06-28,2
"platform",2021-06-28,2
"pocket",2021-06-28,2
"pollution",2021-06-28,2
"ponzi",2021-06-28,2
"popescu",2021-06-28,2
"positive",2021-06-28,2
"preferable",2021-06-28,2
"preference",2021-06-28,2
"processes",2021-06-28,2
"products",2021-06-28,2
"proof",2021-06-28,2
"pumping",2021-06-28,2
"punycode",2021-06-28,2
"read",2021-06-28,2
"recovers",2021-06-28,2
"remains",2021-06-28,2
"report",2021-06-28,2
"rich",2021-06-28,2
"richest",2021-06-28,2
"rise",2021-06-28,2
"rules",2021-06-28,2
"russia",2021-06-28,2
"sats",2021-06-28,2
"scale",2021-06-28,2
"schools",2021-06-28,2
"security",2021-06-28,2
"seek",2021-06-28,2
"social",2021-06-28,2
"someday",2021-06-28,2
"speech",2021-06-28,2
"stage",2021-06-28,2
"stamp",2021-06-28,2
"star",2021-06-28,2
"surprised",2021-06-28,2
"taxes",2021-06-28,2
"teach",2021-06-28,2
"technology",2021-06-28,2
"telling",2021-06-28,2
"tender",2021-06-28,2
"tezos",2021-06-28,2
"tokenomics",2021-06-28,2
"total",2021-06-28,2
"transactions",2021-06-28,2
"trust",2021-06-28,2
"twitter",2021-06-28,2
"uber",2021-06-28,2
"uk",2021-06-28,2
"uncertain",2021-06-28,2
"usa",2021-06-28,2
"usd",2021-06-28,2
"user",2021-06-28,2
"values",2021-06-28,2
"versus",2021-06-28,2
"vitae",2021-06-28,2
"waiting",2021-06-28,2
"wallet",2021-06-28,2
"waste",2021-06-28,2
"watching",2021-06-28,2
"wazirx",2021-06-28,2
"weekend",2021-06-28,2
"wet",2021-06-28,2
"wipe",2021-06-28,2
"world's",2021-06-28,2
"abc",2021-06-28,1
"accept",2021-06-28,1
"accepting",2021-06-28,1
"access",2021-06-28,1
"accumulation",2021-06-28,1
"achieve",2021-06-28,1
"actual",2021-06-28,1
"ad",2021-06-28,1
"adaxrpdoge",2021-06-28,1
"address",2021-06-28,1
"adoption",2021-06-28,1
"advice",2021-06-28,1
"affecting",2021-06-28,1
"affiliatemarketing",2021-06-28,1
"affinity",2021-06-28,1
"afraid",2021-06-28,1
"airdropinspector",2021-06-28,1
"airdrops",2021-06-28,1
"airtag",2021-06-28,1
"airtags",2021-06-28,1
"aligned",2021-06-28,1
"allocation",2021-06-28,1
"allowing",2021-06-28,1
"alteration",2021-06-28,1
"alts",2021-06-28,1
"amazon",2021-06-28,1
"america",2021-06-28,1
"amount",2021-06-28,1
"amounts",2021-06-28,1
"analysis",2021-06-28,1
"analysts",2021-06-28,1
"andreas",2021-06-28,1
"annonce",2021-06-28,1
"announced",2021-06-28,1
"antarctica",2021-06-28,1
"anticipated",2021-06-28,1
"antifragile",2021-06-28,1
"anymore",2021-06-28,1
"aol",2021-06-28,1
"apompliano",2021-06-28,1
"app",2021-06-28,1
"appealing",2021-06-28,1
"application",2021-06-28,1
"approaching",2021-06-28,1
"art",2021-06-28,1
"ascending",2021-06-28,1
"assets",2021-06-28,1
"atoll",2021-06-28,1
"attacker",2021-06-28,1
"attention",2021-06-28,1
"authorities",2021-06-28,1
"averages",2021-06-28,1
"awarded",2021-06-28,1
"bajillion",2021-06-28,1
"bakeryswap",2021-06-28,1
"bakkt",2021-06-28,1
"bankdespite",2021-06-28,1
"banking",2021-06-28,1
"banks",2021-06-28,1
"banned",2021-06-28,1
"bannister",2021-06-28,1
"barry",2021-06-28,1
"batsman",2021-06-28,1
"beach",2021-06-28,1
"bearishhowever",2021-06-28,1
"bebold",2021-06-28,1
"begin",2021-06-28,1
"beginning",2021-06-28,1
"begun",2021-06-28,1
"betfurysuccess",2021-06-28,1
"bex",2021-06-28,1
"bidding",2021-06-28,1
"billion",2021-06-28,1
"bins",2021-06-28,1
"biotech",2021-06-28,1
"bitcasino",2021-06-28,1
"bitcoinabc",2021-06-28,1
"bitcoincasino",2021-06-28,1
"bitcoiners",2021-06-28,1
"bitcoineven",2021-06-28,1
"bitcoinexchange",2021-06-28,1
"bitcoinmining",2021-06-28,1
"bitcoinnews",2021-06-28,1
"bitcoinorfull",2021-06-28,1
"bitcoins",2021-06-28,1
"bitcointm",2021-06-28,1
"bitcoinwallet",2021-06-28,1
"bitconner",2021-06-28,1
"blocksize",2021-06-28,1
"book",2021-06-28,1
"boost",2021-06-28,1
"borders",2021-06-28,1
"borrow",2021-06-28,1
"bounce",2021-06-28,1
"brand",2021-06-28,1
"brands",2021-06-28,1
"bright",2021-06-28,1
"brillient",2021-06-28,1
"bring",2021-06-28,1
"bringing",2021-06-28,1
"brings",2021-06-28,1
"britain",2021-06-28,1
"brutal",2021-06-28,1
"bscgems",2021-06-28,1
"buddy",2021-06-28,1
"builder",2021-06-28,1
"bullish",2021-06-28,1
"bullishnews",2021-06-28,1
"buying",2021-06-28,1
"buykalacoin",2021-06-28,1
"campuses",2021-06-28,1
"canada",2021-06-28,1
"canadian",2021-06-28,1
"canadians",2021-06-28,1
"cancel",2021-06-28,1
"candle",2021-06-28,1
"capable",2021-06-28,1
"capital",2021-06-28,1
"capitalism",2021-06-28,1
"capitulation",2021-06-28,1
"carboncredittrading",2021-06-28,1
"card",2021-06-28,1
"care",2021-06-28,1
"carroll",2021-06-28,1
"casinos",2021-06-28,1
"cattle",2021-06-28,1
"causing",2021-06-28,1
"cdtc",2021-06-28,1
"central",2021-06-28,1
"cents",2021-06-28,1
"chains",2021-06-28,1
"challenging",2021-06-28,1
"changed",2021-06-28,1
"chapter",2021-06-28,1
"charade",2021-06-28,1
"chart",2021-06-28,1
"cheaper",2021-06-28,1
"chinese",2021-06-28,1
"chop",2021-06-28,1
"citizens",2021-06-28,1
"cl",2021-06-28,1
"claims",2021-06-28,1
"classifying",2021-06-28,1
"close",2021-06-28,1
"closed",2021-06-28,1
"club",2021-06-28,1
"coin",2021-06-28,1
"coinbase",2021-06-28,1
"coins",2021-06-28,1
"coming",2021-06-28,1
"commandeered",2021-06-28,1
"commentary",2021-06-28,1
"commerce",2021-06-28,1
"commercial",2021-06-28,1
"communication",2021-06-28,1
"communism",2021-06-28,1
"communists",2021-06-28,1
"comoros",2021-06-28,1
"company",2021-06-28,1
"computer",2021-06-28,1
"concerns",2021-06-28,1
"conditions",2021-06-28,1
"confidence",2021-06-28,1
"confident",2021-06-28,1
"confirm",2021-06-28,1
"confirmations",2021-06-28,1
"confiscated",2021-06-28,1
"congratulations",2021-06-28,1
"connect",2021-06-28,1
"consensus",2021-06-28,1
"constant",2021-06-28,1
"constantly",2021-06-28,1
"consumer",2021-06-28,1
"consuming",2021-06-28,1
"consumption",2021-06-28,1
"contexts",2021-06-28,1
"continent",2021-06-28,1
"continuation",2021-06-28,1
"continues",2021-06-28,1
"contract",2021-06-28,1
"contrarian",2021-06-28,1
"conventional",2021-06-28,1
"coolnerd",2021-06-28,1
"corporate",2021-06-28,1
"count",2021-06-28,1
"countries",2021-06-28,1
"country",2021-06-28,1
"court",2021-06-28,1
"cousin",2021-06-28,1
"cracked",2021-06-28,1
"crafty",2021-06-28,1
"craig",2021-06-28,1
"creates",2021-06-28,1
"creating",2021-06-28,1
"credit",2021-06-28,1
"cricket",2021-06-28,1
"crossing",2021-06-28,1
"cryptoassets",2021-06-28,1
"cryptotwitter",2021-06-28,1
"cryptoworld",2021-06-28,1
"csw",2021-06-28,1
"cube",2021-06-28,1
"curiosity",2021-06-28,1
"cuts",2021-06-28,1
"cyrpto",2021-06-28,1
"dance",2021-06-28,1
"dash",2021-06-28,1
"dat",2021-06-28,1
"ddos",2021-06-28,1
"deal",2021-06-28,1
"deceased's",2021-06-28,1
"decentralized",2021-06-28,1
"decredit",2021-06-28,1
"deep",2021-06-28,1
"default",2021-06-28,1
"defending",2021-06-28,1
"defense",2021-06-28,1
"deflationary",2021-06-28,1
"depressing",2021-06-28,1
"description",2021-06-28,1
"destroyed",2021-06-28,1
"dev",2021-06-28,1
"developer",2021-06-28,1
"development",2021-06-28,1
"dgfi",2021-06-28,1
"difference",2021-06-28,1
"difficulty",2021-06-28,1
"digitalasset",2021-06-28,1
"digitalgold",2021-06-28,1
"direct",2021-06-28,1
"disagree",2021-06-28,1
"disappeared",2021-06-28,1
"discount",2021-06-28,1
"discovery",2021-06-28,1
"display",2021-06-28,1
"distribution",2021-06-28,1
"dive",2021-06-28,1
"doesn",2021-06-28,1
"dog",2021-06-28,1
"dollar",2021-06-28,1
"domain",2021-06-28,1
"domains",2021-06-28,1
"dontstopwontstop",2021-06-28,1
"double",2021-06-28,1
"doubt",2021-06-28,1
"drop",2021-06-28,1
"dropped",2021-06-28,1
"drowning",2021-06-28,1
"drowningpopescu",2021-06-28,1
"drying",2021-06-28,1
"due",2021-06-28,1
"dystopian",2021-06-28,1
"easier",2021-06-28,1
"easily",2021-06-28,1
"ecoinbitcoin",2021-06-28,1
"economics",2021-06-28,1
"el",2021-06-28,1
"elites",2021-06-28,1
"elon",2021-06-28,1
"elonmask",2021-06-28,1
"elonmusk",2021-06-28,1
"embarrassing",2021-06-28,1
"emmerson",2021-06-28,1
"emotions",2021-06-28,1
"england",2021-06-28,1
"enjin",2021-06-28,1
"entails",2021-06-28,1
"entire",2021-06-28,1
"entrants",2021-06-28,1
"entry",2021-06-28,1
"eos",2021-06-28,1
"epic",2021-06-28,1
"era",2021-06-28,1
"eric",2021-06-28,1
"error",2021-06-28,1
"escrow",2021-06-28,1
"est",2021-06-28,1
"establish",2021-06-28,1
"established",2021-06-28,1
"estimated",2021-06-28,1
"ethereumbtc",2021-06-28,1
"ethereumclassic",2021-06-28,1
"etherium",2021-06-28,1
"europe",2021-06-28,1
"everyday",2021-06-28,1
"evils",2021-06-28,1
"exchanges",2021-06-28,1
"excitement",2021-06-28,1
"exclusives",2021-06-28,1
"exit",2021-06-28,1
"expect",2021-06-28,1
"expected",2021-06-28,1
"expecting",2021-06-28,1
"exquisite",2021-06-28,1
"facebook",2021-06-28,1
"faction",2021-06-28,1
"fail",2021-06-28,1
"fairly",2021-06-28,1
"fakenews",2021-06-28,1
"falling",2021-06-28,1
"falls",2021-06-28,1
"famous",2021-06-28,1
"fan",2021-06-28,1
"farm",2021-06-28,1
"fascinating",2021-06-28,1
"fast",2021-06-28,1
"favorite",2021-06-28,1
"feel",2021-06-28,1
"fees",2021-06-28,1
"fill",2021-06-28,1
"finacial",2021-06-28,1
"final",2021-06-28,1
"finally",2021-06-28,1
"financing",2021-06-28,1
"finished",2021-06-28,1
"flags",2021-06-28,1
"focuses",2021-06-28,1
"follow",2021-06-28,1
"fools",2021-06-28,1
"force",2021-06-28,1
"forcing",2021-06-28,1
"foreseeable",2021-06-28,1
"foresees",2021-06-28,1
"forever",2021-06-28,1
"format",2021-06-28,1
"formed",2021-06-28,1
"formula",2021-06-28,1
"forward",2021-06-28,1
"found",2021-06-28,1
"france",2021-06-28,1
"franship",2021-06-28,1
"fraud",2021-06-28,1
"freeing",2021-06-28,1
"fuck",2021-06-28,1
"fucking",2021-06-28,1
"fud",2021-06-28,1
"fundamentals",2021-06-28,1
"gain",2021-06-28,1
"gains",2021-06-28,1
"gambling",2021-06-28,1
"game",2021-06-28,1
"games",2021-06-28,1
"gandhithe",2021-06-28,1
"gene",2021-06-28,1
"genesys",2021-06-28,1
"gift",2021-06-28,1
"giftideas",2021-06-28,1
"gifts",2021-06-28,1
"giveaway",2021-06-28,1
"giving",2021-06-28,1
"glad",2021-06-28,1
"god",2021-06-28,1
"goldman",2021-06-28,1
"gonna",2021-06-28,1
"grants",2021-06-28,1
"groomer",2021-06-28,1
"gss",2021-06-28,1
"gt",2021-06-28,1
"guard",2021-06-28,1
"guidelines",2021-06-28,1
"guy's",2021-06-28,1
"guys",2021-06-28,1
"hand",2021-06-28,1
"hang",2021-06-28,1
"hanke",2021-06-28,1
"haven",2021-06-28,1
"heading",2021-06-28,1
"healing",2021-06-28,1
"healthcare",2021-06-28,1
"healthy",2021-06-28,1
"hear",2021-06-28,1
"heard",2021-06-28,1
"hearing",2021-06-28,1
"heart",2021-06-28,1
"helpful",2021-06-28,1
"hero",2021-06-28,1
"hey",2021-06-28,1
"hh",2021-06-28,1
"highly",2021-06-28,1
"hilarious",2021-06-28,1
"hl",2021-06-28,1
"hobby",2021-06-28,1
"hodl",2021-06-28,1
"hodling",2021-06-28,1
"holding",2021-06-28,1
"holds",2021-06-28,1
"homes",2021-06-28,1
"hong",2021-06-28,1
"hosting",2021-06-28,1
"house",2021-06-28,1
"household",2021-06-28,1
"hrs",2021-06-28,1
"hundred",2021-06-28,1
"hurts",2021-06-28,1
"hut",2021-06-28,1
"icp",2021-06-28,1
"ideal",2021-06-28,1
"ignore",2021-06-28,1
"immutable",2021-06-28,1
"impact",2021-06-28,1
"imparting",2021-06-28,1
"including",2021-06-28,1
"incredible",2021-06-28,1
"incredibly",2021-06-28,1
"india's",2021-06-28,1
"indicators",2021-06-28,1
"inefficient",2021-06-28,1
"inflation",2021-06-28,1
"inflationary",2021-06-28,1
"information",2021-06-28,1
"initiatives",2021-06-28,1
"injured",2021-06-28,1
"inr",2021-06-28,1
"instagram",2021-06-28,1
"installation",2021-06-28,1
"institute",2021-06-28,1
"instruments",2021-06-28,1
"intact",2021-06-28,1
"integrated",2021-06-28,1
"intended",2021-06-28,1
"intensely",2021-06-28,1
"interestshort",2021-06-28,1
"interestsmetcalfslaw",2021-06-28,1
"inu",2021-06-28,1
"invested",2021-06-28,1
"investers",2021-06-28,1
"iran",2021-06-28,1
"irc",2021-06-28,1
"iron",2021-06-28,1
"iso",2021-06-28,1
"join",2021-06-28,1
"joke",2021-06-28,1
"jono",2021-06-28,1
"journey",2021-06-28,1
"judgement",2021-06-28,1
"july",2021-06-28,1
"jumping",2021-06-28,1
"june",2021-06-28,1
"junk",2021-06-28,1
"justing",2021-06-28,1
"k's",2021-06-28,1
"kilowatts",2021-06-28,1
"kinda",2021-06-28,1
"kinks",2021-06-28,1
"kiss",2021-06-28,1
"kit",2021-06-28,1
"kittenworld",2021-06-28,1
"kong",2021-06-28,1
"ks",2021-06-28,1
"lady",2021-06-28,1
"latin",2021-06-28,1
"laugh",2021-06-28,1
"launch",2021-06-28,1
"launched",2021-06-28,1
"law",2021-06-28,1
"laws",2021-06-28,1
"layer",2021-06-28,1
"leads",2021-06-28,1
"learning",2021-06-28,1
"leftist",2021-06-28,1
"legally",2021-06-28,1
"leverages",2021-06-28,1
"liberal",2021-06-28,1
"licensed",2021-06-28,1
"lightening",2021-06-28,1
"likes",2021-06-28,1
"link",2021-06-28,1
"linkedin",2021-06-28,1
"listed",2021-06-28,1
"litecoin",2021-06-28,1
"literally",2021-06-28,1
"living",2021-06-28,1
"load",2021-06-28,1
"loading",2021-06-28,1
"loan",2021-06-28,1
"locked",2021-06-28,1
"lodgecoin",2021-06-28,1
"lodgecoinbitcoin",2021-06-28,1
"loss",2021-06-28,1
"losses",2021-06-28,1
"lost",2021-06-28,1
"lots",2021-06-28,1
"lovers",2021-06-28,1
"loyalty",2021-06-28,1
"luck",2021-06-28,1
"lucky",2021-06-28,1
"lying",2021-06-28,1
"machine",2021-06-28,1
"macro",2021-06-28,1
"mahatma",2021-06-28,1
"mainnet",2021-06-28,1
"mandates",2021-06-28,1
"manread",2021-06-28,1
"markets",2021-06-28,1
"marry",2021-06-28,1
"mass",2021-06-28,1
"match",2021-06-28,1
"mate",2021-06-28,1
"matters",2021-06-28,1
"maxi",2021-06-28,1
"mb",2021-06-28,1
"means",2021-06-28,1
"media",2021-06-28,1
"medium",2021-06-28,1
"meetup",2021-06-28,1
"membersjoin",2021-06-28,1
"memories",2021-06-28,1
"memorize",2021-06-28,1
"mental",2021-06-28,1
"metrics",2021-06-28,1
"mexicos",2021-06-28,1
"michael",2021-06-28,1
"mid",2021-06-28,1
"migration",2021-06-28,1
"millionaire",2021-06-28,1
"minarchists",2021-06-28,1
"mind",2021-06-28,1
"missed",2021-06-28,1
"mistake",2021-06-28,1
"models",2021-06-28,1
"monero",2021-06-28,1
"moon",2021-06-28,1
"morbex",2021-06-28,1
"morbexfinance",2021-06-28,1
"morning",2021-06-28,1
"mortgage",2021-06-28,1
"movementan",2021-06-28,1
"movements",2021-06-28,1
"moving",2021-06-28,1
"murphy",2021-06-28,1
"musk",2021-06-28,1
"nakamoto",2021-06-28,1
"named",2021-06-28,1
"narratives",2021-06-28,1
"native",2021-06-28,1
"neo",2021-06-28,1
"nerf",2021-06-28,1
"neutralon",2021-06-28,1
"neutralopinion",2021-06-28,1
"nightmare",2021-06-28,1
"nope",2021-06-28,1
"note",2021-06-28,1
"notice",2021-06-28,1
"observe",2021-06-28,1
"official",2021-06-28,1
"ongoing",2021-06-28,1
"online",2021-06-28,1
"operating",2021-06-28,1
"opposed",2021-06-28,1
"ordinary",2021-06-28,1
"orwellian",2021-06-28,1
"ounce",2021-06-28,1
"overnight",2021-06-28,1
"overviewdominance",2021-06-28,1
"pair",2021-06-28,1
"pal",2021-06-28,1
"pancakeswap",2021-06-28,1
"panic",2021-06-28,1
"paper",2021-06-28,1
"participated",2021-06-28,1
"participating",2021-06-28,1
"parties",2021-06-28,1
"pattern",2021-06-28,1
"payment",2021-06-28,1
"peoplegovts",2021-06-28,1
"perfect",2021-06-28,1
"perilous",2021-06-28,1
"phalanetwork",2021-06-28,1
"pharma",2021-06-28,1
"physical",2021-06-28,1
"piece",2021-06-28,1
"pinterest",2021-06-28,1
"plan",2021-06-28,1
"planet",2021-06-28,1
"planning",2021-06-28,1
"plans",2021-06-28,1
"played",2021-06-28,1
"player",2021-06-28,1
"plummeting",2021-06-28,1
"pomp",2021-06-28,1
"popularity",2021-06-28,1
"posts",2021-06-28,1
"potential",2021-06-28,1
"powerful",2021-06-28,1
"pp",2021-06-28,1
"praised",2021-06-28,1
"prefix",2021-06-28,1
"president",2021-06-28,1
"pretty",2021-06-28,1
"prevail",2021-06-28,1
"privacy",2021-06-28,1
"privatesale",2021-06-28,1
"prize",2021-06-28,1
"process",2021-06-28,1
"procreate",2021-06-28,1
"productive",2021-06-28,1
"professional",2021-06-28,1
"profit",2021-06-28,1
"programs",2021-06-28,1
"promises",2021-06-28,1
"properties",2021-06-28,1
"protocol",2021-06-28,1
"protracted",2021-06-28,1
"provided",2021-06-28,1
"public",2021-06-28,1
"publiclyeither",2021-06-28,1
"published",2021-06-28,1
"pullback",2021-06-28,1
"pushing",2021-06-28,1
"quality",2021-06-28,1
"questionable",2021-06-28,1
"quick",2021-06-28,1
"quiet",2021-06-28,1
"quietly",2021-06-28,1
"quits",2021-06-28,1
"quoting",2021-06-28,1
"raise",2021-06-28,1
"rally",2021-06-28,1
"range",2021-06-28,1
"raoul",2021-06-28,1
"reach",2021-06-28,1
"reaching",2021-06-28,1
"realised",2021-06-28,1
"realities",2021-06-28,1
"realizing",2021-06-28,1
"reason",2021-06-28,1
"reasons",2021-06-28,1
"rebate",2021-06-28,1
"rebrand",2021-06-28,1
"receives",2021-06-28,1
"recent",2021-06-28,1
"reclaim",2021-06-28,1
"recommend",2021-06-28,1
"records",2021-06-28,1
"red",2021-06-28,1
"references",2021-06-28,1
"referral",2021-06-28,1
"reflect",2021-06-28,1
"register",2021-06-28,1
"rejection",2021-06-28,1
"remaining",2021-06-28,1
"remove",2021-06-28,1
"replace",2021-06-28,1
"replies",2021-06-28,1
"reserves",2021-06-28,1
"resistance",2021-06-28,1
"respected",2021-06-28,1
"rest",2021-06-28,1
"restricting",2021-06-28,1
"retailing",2021-06-28,1
"revealed",2021-06-28,1
"revolutionon",2021-06-28,1
"reward",2021-06-28,1
"richardsallinas",2021-06-28,1
"richer",2021-06-28,1
"ride",2021-06-28,1
"ripplecoinnews",2021-06-28,1
"robustify",2021-06-28,1
"roughly",2021-06-28,1
"roundingtheearth",2021-06-28,1
"rsi",2021-06-28,1
"rsvp",2021-06-28,1
"running",2021-06-28,1
"rush",2021-06-28,1
"sachs",2021-06-28,1
"sad",2021-06-28,1
"safe",2021-06-28,1
"safemoon",2021-06-28,1
"salvador's",2021-06-28,1
"sat",2021-06-28,1
"satoshi",2021-06-28,1
"saylor",2021-06-28,1
"scalability",2021-06-28,1
"scalp",2021-06-28,1
"scam",2021-06-28,1
"scammer",2021-06-28,1
"scams",2021-06-28,1
"school",2021-06-28,1
"seasonbitcoin",2021-06-28,1
"secular",2021-06-28,1
"securing",2021-06-28,1
"sending",2021-06-28,1
"separate",2021-06-28,1
"series",2021-06-28,1
"set",2021-06-28,1
"settle",2021-06-28,1
"settling",2021-06-28,1
"setup",2021-06-28,1
"share",2021-06-28,1
"shark",2021-06-28,1
"shib",2021-06-28,1
"shiba",2021-06-28,1
"shibu",2021-06-28,1
"shit",2021-06-28,1
"shitcoin",2021-06-28,1
"shocking",2021-06-28,1
"shop",2021-06-28,1
"shoponline",2021-06-28,1
"shopping",2021-06-28,1
"shore",2021-06-28,1
"sign",2021-06-28,1
"signal",2021-06-28,1
"signify",2021-06-28,1
"signs",2021-06-28,1
"simmons",2021-06-28,1
"simple",2021-06-28,1
"simulate",2021-06-28,1
"sir",2021-06-28,1
"sirr",2021-06-28,1
"sister",2021-06-28,1
"skinnned",2021-06-28,1
"slight",2021-06-28,1
"slightly",2021-06-28,1
"sma",2021-06-28,1
"smartly",2021-06-28,1
"snatch",2021-06-28,1
"socialism",2021-06-28,1
"socialmedia",2021-06-28,1
"society",2021-06-28,1
"sol",2021-06-28,1
"son",2021-06-28,1
"space",2021-06-28,1
"spaz",2021-06-28,1
"speaks",2021-06-28,1
"specifically",2021-06-28,1
"sperg",2021-06-28,1
"sports",2021-06-28,1
"squad",2021-06-28,1
"stable",2021-06-28,1
"stamped",2021-06-28,1
"staples",2021-06-28,1
"starting",2021-06-28,1
"starts",2021-06-28,1
"stellar",2021-06-28,1
"step",2021-06-28,1
"steve",2021-06-28,1
"stifel",2021-06-28,1
"stock",2021-06-28,1
"story",2021-06-28,1
"strategically",2021-06-28,1
"strategists",2021-06-28,1
"strategysure",2021-06-28,1
"strengthen",2021-06-28,1
"strike",2021-06-28,1
"stronger",2021-06-28,1
"strongly",2021-06-28,1
"stuff",2021-06-28,1
"stupid",2021-06-28,1
"subdividing",2021-06-28,1
"subtle",2021-06-28,1
"succeed",2021-06-28,1
"success",2021-06-28,1
"successful",2021-06-28,1
"suffer",2021-06-28,1
"suitable",2021-06-28,1
"superb",2021-06-28,1
"supporting",2021-06-28,1
"supportmust",2021-06-28,1
"surface",2021-06-28,1
"surgeonsure",2021-06-28,1
"surprise",2021-06-28,1
"surrendering",2021-06-28,1
"system",2021-06-28,1
"talked",2021-06-28,1
"tarbank",2021-06-28,1
"task",2021-06-28,1
"taught",2021-06-28,1
"taxi",2021-06-28,1
"teachers",2021-06-28,1
"tech",2021-06-28,1
"technically",2021-06-28,1
"teeth",2021-06-28,1
"teleco",2021-06-28,1
"temporary",2021-06-28,1
"tether",2021-06-28,1
"thanksgiving",2021-06-28,1
"thebitcoinwars",2021-06-28,1
"thieves",2021-06-28,1
"thin",2021-06-28,1
"thomas",2021-06-28,1
"thousand",2021-06-28,1
"threatened",2021-06-28,1
"tick",2021-06-28,1
"tie",2021-06-28,1
"tiktok",2021-06-28,1
"timed",2021-06-28,1
"timeline",2021-06-28,1
"times",2021-06-28,1
"tl",2021-06-28,1
"tnghia",2021-06-28,1
"tock",2021-06-28,1
"told",2021-06-28,1
"tonnes",2021-06-28,1
"tonneswhen",2021-06-28,1
"toxicity",2021-06-28,1
"toy",2021-06-28,1
"tradingblockchainnews",2021-06-28,1
"trail",2021-06-28,1
"trans",2021-06-28,1
"transfered",2021-06-28,1
"transparency",2021-06-28,1
"trash",2021-06-28,1
"triangle",2021-06-28,1
"true",2021-06-28,1
"trx",2021-06-28,1
"turds",2021-06-28,1
"turkey",2021-06-28,1
"type",2021-06-28,1
"types",2021-06-28,1
"uberclone",2021-06-28,1
"uncle",2021-06-28,1
"underlying",2021-06-28,1
"understanding",2021-06-28,1
"underway",2021-06-28,1
"unlock",2021-06-28,1
"updates",2021-06-28,1
"upend",2021-06-28,1
"urban",2021-06-28,1
"urgent",2021-06-28,1
"usdt",2021-06-28,1
"username",2021-06-28,1
"utilities",2021-06-28,1
"ux",2021-06-28,1
"valuable",2021-06-28,1
"valuation",2021-06-28,1
"vechain",2021-06-28,1
"virgin",2021-06-28,1
"virginmedia",2021-06-28,1
"vitaliy",2021-06-28,1
"volatility",2021-06-28,1
"volume",2021-06-28,1
"voorhees",2021-06-28,1
"wa",2021-06-28,1
"wall",2021-06-28,1
"wallets",2021-06-28,1
"wana",2021-06-28,1
"warnbitcoin",2021-06-28,1
"waving",2021-06-28,1
"wealth",2021-06-28,1
"website",2021-06-28,1
"wednesday",2021-06-28,1
"weekbitcoin",2021-06-28,1
"weekly",2021-06-28,1
"whales",2021-06-28,1
"white",2021-06-28,1
"widespread",2021-06-28,1
"wife",2021-06-28,1
"wiped",2021-06-28,1
"wishing",2021-06-28,1
"won",2021-06-28,1
"worldbitcoin",2021-06-28,1
"worst",2021-06-28,1
"worthless",2021-06-28,1
"write",2021-06-28,1
"wrong",2021-06-28,1
"wyckoff",2021-06-28,1
"xbtc",2021-06-28,1
"xxx",2021-06-28,1
"york",2021-06-28,1
